Brand,Dimension Leight (mm),Dimension Width (mm),Dimesion Thickness (mm),Weight (g),Battery Type,Battery Capacity (mAh),Screen Size (cm2),Resolution Height (pixels),Resolution Width (pixels),CPU (cores),Internal Storage (GB),RAM (GB),NFC Support,Price (USD)
Apple iPad mini (2024),195.4,134.8,6.3,293,1,5078,203.9,1488,2266,6,128,8,0,600.0
Apple iPhone 16 Pro Max,163,77.6,8.3,227,1,4685,115.6,1320,2868,6,256,8,1,1199.99
Apple iPhone 16 Pro,149.6,71.5,8.3,199,1,3582,96.4,1206,2622,6,128,8,1,999.99
Apple iPhone 16 Plus,160.9,77.8,7.8,199,1,4674,110.2,1290,2796,6,128,8,1,899.0
Apple iPhone 16,147.6,71.6,7.8,170,1,3561,91.7,1179,2556,6,128,8,1,829.99
Apple iPad Pro 13 (2024),281.6,215.5,5.1,579,0,10290,527.3,2064,2752,6,256,8,0,1550.0
Apple iPad Pro 11 (2024),249.7,177.5,5.3,444,0,8160,373.1,1668,2420,6,256,8,0,1200.0
Apple iPad Air 13 (2024),280.6,214.9,6.1,617,0,9705,519.3,2048,2732,6,128,8,0,950.0
Apple iPad Air 11 (2024),247.6,178.5,6.1,462,0,7606,357.6,1640,2360,6,128,8,0,700.0
Apple iPhone 15 Pro Max,159.9,76.7,8.3,221,1,4441,110.2,1290,2796,6,256,8,1,713.32
Apple iPhone 15 Pro,146.6,70.6,8.3,187,1,3274,91.3,1179,2556,6,128,8,1,699.18
Apple iPhone 15 Plus,160.9,77.8,7.8,201,1,4383,110.2,1290,2796,6,128,6,1,541.91
Apple iPhone 15,147.6,71.6,7.8,171,1,3349,91.3,1179,2556,6,128,6,1,519.99
Apple iPad Pro 12.9 (2022),280.6,214.9,6.4,682,0,10758,515.3,2048,2732,6,128,8,0,1450.0
Apple iPad Pro 11 (2022),247.6,178.5,5.9,466,0,7538,366.5,1668,2388,6,128,8,0,1050.0
Apple iPhone 14 Pro Max,160.7,77.6,7.9,240,1,4323,110.2,1290,2796,6,128,6,1,572.5
Apple iPhone 14 Pro,147.5,71.5,7.9,206,1,3200,91.7,1179,2556,6,128,6,1,515.53
Apple iPhone 14 Plus,160.8,78.1,7.8,203,1,4323,109.8,1284,2778,6,128,6,1,417.49
Apple iPhone 14,146.7,71.5,7.8,172,1,3279,90.2,1170,2532,6,128,6,1,405.27
Apple iPhone SE (2022),138.4,67.3,7.3,144,1,2018,60.9,750,1334,6,64,4,1,104.99
Apple iPhone 13 Pro Max,160.8,78.1,7.7,240,1,4352,109.8,1284,2778,6,128,6,1,522.86
Apple iPhone 13 Pro,146.7,71.5,7.7,204,1,3095,90.2,1170,2532,6,128,6,1,444.54
Apple iPhone 13,146.7,71.5,7.7,174,1,3240,90.2,1170,2532,6,128,4,1,312.55
Apple iPhone 13 mini,131.5,64.2,7.7,141,1,2438,71.9,1080,2340,6,128,4,1,327.74
Apple iPad mini (2021),195.4,134.8,6.3,293,1,5078,203.9,1488,2266,6,64,4,0,550.0
Apple iPad 10.2 (2021),250.6,174.1,7.5,487,1,8557,322.2,1620,2160,6,64,3,0,430.0
Apple iPad Pro 12.9 (2021),280.6,214.9,6.4,682,0,10758,515.3,2048,2732,6,128,8,0,1200.0
Apple iPhone 12 Pro Max,160.8,78.1,7.4,228,1,3687,109.8,1284,2778,6,128,6,1,439.74
Apple iPhone 12 Pro,146.7,71.5,7.4,189,1,2815,90.2,1170,2532,6,128,6,1,336.69
Apple iPhone 12,146.7,71.5,7.4,164,1,2815,90.2,1170,2532,6,64,4,1,255.0
Apple iPhone 12 mini,131.5,64.2,7.4,135,1,2227,71.9,1080,2340,6,64,4,1,207.63
Apple iPad Air (2020),247.6,178.5,6.1,458,1,7606,359.2,1640,2360,6,64,4,0,640.0
Apple iPhone SE (2020),138.4,67.3,7.3,148,1,1821,60.9,750,1334,6,64,3,1,108.66
Apple iPad Pro 12.9 (2020),280.6,214.9,5.9,641,0,9720,515.3,2048,2732,6,128,6,0,1000.0
Apple iPad Pro 11 (2020),247.6,178.5,5.9,471,0,7538,366.5,1668,2388,6,128,6,0,800.0
Apple iPhone 11 Pro Max,158,77.8,8.1,226,1,3969,102.9,1242,2688,6,64,4,1,298.57
Apple iPhone 11 Pro,144,71.4,8.1,188,1,3046,84.4,1125,2436,6,64,4,1,244.99
Apple iPhone 11,150.9,75.7,8.3,194,1,3110,90.3,828,1792,6,64,4,1,197.0
Apple iPad 10.2 (2019),250.6,174.1,7.5,483,0,8827,324.6,1620,2160,6,32,3,0,350.0
Apple iPad Air (2019),250.6,174.1,6.1,456,0,8134,341.4,1668,2224,6,64,3,0,550.0
Apple iPad mini (2019),203.2,134.8,6.1,300,1,5124,193.3,1536,2048,6,64,3,0,450.0
Apple iPad Pro 12.9 (2018),280.6,214.9,5.9,631,0,9720,515.3,2048,2732,6,64,4,0,1100.0
Apple iPad Pro 11 (2018),247.6,178.5,5.9,468,0,7812,366.5,1668,2388,6,64,4,0,880.0
Apple iPhone XS Max,157.5,77.4,7.7,208,1,3174,102.9,1242,2688,6,64,4,1,202.01
Apple iPhone XS,143.6,70.9,7.7,177,1,2658,84.4,1125,2436,6,64,4,1,159.74
Apple iPhone XR,150.9,75.7,8.3,194,1,2942,90.3,828,1792,6,64,3,1,164.5
Apple iPad 9.7 (2018),240,169.5,7.5,469,0,8827,291.4,1536,2048,6,32,2,0,350.0
Apple iPhone X,143.6,70.9,7.7,174,1,2716,84.4,1125,2436,6,64,3,1,154.0
Apple iPhone 8 Plus,158.4,78.1,7.5,202,1,2691,83.4,1080,1920,6,64,3,1,340.0
Apple iPhone 8,138.4,67.3,7.3,148,1,1821,60.9,750,1334,6,64,2,1,210.0
Apple iPad Pro 12.9 (2017),305.7,220.6,6.9,677,1,891,515.3,2732,2048,6,64,4,1,900.0
Apple iPad Pro 10.5 (2017),250.6,174.1,6.1,469,1,8134,341.4,1668,2224,6,64,4,1,730.0
Apple iPad 9.7 (2017),240,169.5,7.5,469,0,8827,291.4,1536,2048,6,32,2,0,390.0
Apple iPhone 7 Plus,158.2,77.9,7.3,188,1,2900,83.4,1080,1920,6,32,3,1,320.0
Apple iPhone 7,138.3,67.1,7.1,138,1,1960,60.9,750,1334,6,32,2,1,180.0
Apple iPad Pro 9.7 (2016),240,169.5,6.1,437,1,7306,291.4,1536,2048,6,32,2,1,690.0
Apple iPhone SE,123.8,58.6,7.6,113,0,1624,44.1,640,1136,6,16,2,1,140.0
Apple iPhone 6s Plus,158.2,77.9,7.3,192,1,2750,83.4,1080,1920,6,16,2,1,240.0
Apple iPhone 6s,138.3,67.1,7.1,143,1,1715,60.9,750,1334,6,16,2,1,230.0
Apple iPad Pro 12.9 (2015),305.7,220.6,6.9,713,1,307,519.2,2048,2732,6,32,4,1,850.0
Apple iPad mini 4 (2015),203.2,134.8,6.1,299,1,5124,193.3,1536,2048,6,16,2,0,360.0
Apple iPad mini (2024),195.4,134.8,6.3,293,1,5078,203.9,1488,2266,6,128,8,0,600.0
Apple iPhone 16 Pro Max,163,77.6,8.3,227,1,4685,115.6,1320,2868,6,256,8,1,1199.99
Apple iPhone 16 Pro,149.6,71.5,8.3,199,1,3582,96.4,1206,2622,6,128,8,1,999.99
Apple iPhone 16 Plus,160.9,77.8,7.8,199,1,4674,110.2,1290,2796,6,128,8,1,899.0
Apple iPhone 16,147.6,71.6,7.8,170,1,3561,91.7,1179,2556,6,128,8,1,829.99
Apple iPad Pro 13 (2024),281.6,215.5,5.1,579,0,10290,527.3,2064,2752,6,256,8,0,1550.0
Apple iPad Pro 11 (2024),249.7,177.5,5.3,444,0,8160,373.1,1668,2420,6,256,8,0,1200.0
Apple iPad Air 13 (2024),280.6,214.9,6.1,617,0,9705,519.3,2048,2732,6,128,8,0,950.0
Apple iPad Air 11 (2024),247.6,178.5,6.1,462,0,7606,357.6,1640,2360,6,128,8,0,700.0
Apple iPhone 15 Pro Max,159.9,76.7,8.3,221,1,4441,110.2,1290,2796,6,256,8,1,713.32
Apple iPhone 15 Pro,146.6,70.6,8.3,187,1,3274,91.3,1179,2556,6,128,8,1,699.18
Apple iPhone 15 Plus,160.9,77.8,7.8,201,1,4383,110.2,1290,2796,6,128,6,1,541.91
Apple iPhone 15,147.6,71.6,7.8,171,1,3349,91.3,1179,2556,6,128,6,1,519.99
Apple iPad Pro 12.9 (2022),280.6,214.9,6.4,682,0,10758,515.3,2048,2732,6,128,8,0,1450.0
Apple iPad Pro 11 (2022),247.6,178.5,5.9,466,0,7538,366.5,1668,2388,6,128,8,0,1050.0
Apple iPhone 14 Pro Max,160.7,77.6,7.9,240,1,4323,110.2,1290,2796,6,128,6,1,572.5
Apple iPhone 14 Pro,147.5,71.5,7.9,206,1,3200,91.7,1179,2556,6,128,6,1,515.53
Apple iPhone 14 Plus,160.8,78.1,7.8,203,1,4323,109.8,1284,2778,6,128,6,1,417.49
Apple iPhone 14,146.7,71.5,7.8,172,1,3279,90.2,1170,2532,6,128,6,1,405.27
Apple iPhone SE (2022),138.4,67.3,7.3,144,1,2018,60.9,750,1334,6,64,4,1,104.99
Apple iPhone 13 Pro Max,160.8,78.1,7.7,240,1,4352,109.8,1284,2778,6,128,6,1,522.86
Apple iPhone 13 Pro,146.7,71.5,7.7,204,1,3095,90.2,1170,2532,6,128,6,1,444.54
Apple iPhone 13,146.7,71.5,7.7,174,1,3240,90.2,1170,2532,6,128,4,1,312.55
Apple iPhone 13 mini,131.5,64.2,7.7,141,1,2438,71.9,1080,2340,6,128,4,1,327.74
Apple iPad mini (2021),195.4,134.8,6.3,293,1,5078,203.9,1488,2266,6,64,4,0,550.0
Apple iPad 10.2 (2021),250.6,174.1,7.5,487,1,8557,322.2,1620,2160,6,64,3,0,430.0
Apple iPad Pro 12.9 (2021),280.6,214.9,6.4,682,0,10758,515.3,2048,2732,6,128,8,0,1200.0
Apple iPhone 12 Pro Max,160.8,78.1,7.4,228,1,3687,109.8,1284,2778,6,128,6,1,439.74
Apple iPhone 12 Pro,146.7,71.5,7.4,189,1,2815,90.2,1170,2532,6,128,6,1,336.69
Apple iPhone 12,146.7,71.5,7.4,164,1,2815,90.2,1170,2532,6,64,4,1,255.0
Apple iPhone 12 mini,131.5,64.2,7.4,135,1,2227,71.9,1080,2340,6,64,4,1,207.63
Apple iPad Air (2020),247.6,178.5,6.1,458,1,7606,359.2,1640,2360,6,64,4,0,640.0
Asus Zenfone 4 Selfie ZD553KL,155.7,75.9,7.9,144,1,3000,83.4,720,1280,6,64,4,0,250.0
Asus Zenfone 4 Max ZC520KL,150.5,73.3,8.8,156,0,4100,74.5,720,1280,6,16,2,0,180.0
Asus Zenfone 4 Max Pro ZC554KL,154,76.9,8.9,181,0,5000,83.4,720,1280,6,32,2,0,250.0
Asus Zenfone 4 Max Plus ZC554KL,154,76.9,8.9,181,0,5000,83.4,720,1280,6,32,3,0,220.0
Asus Zenfone 4 Max ZC554KL,154,76.9,8.9,181,0,5000,83.4,720,1280,6,32,3,0,270.0
Asus Zenpad Z8s ZT582KL,204,133.9,6.9,306,0,4680,193.3,1536,2048,6,16,3,0,210.0
Asus Zenfone Go ZB552KL,153.4,76.4,10.9,168,1,3000,83.4,720,1280,6,16,2,0,120.0
Asus Zenfone 3s Max ZC521TL,149.5,73.7,8.9,175,0,5000,74.5,720,1280,6,32,3,0,180.0
Asus Zenfone AR ZS571KL,158.7,77.7,9,170,1,3300,89.6,1440,2560,6,64,6,0,370.0
Asus Zenfone Go ZB690KG,188,101.4,8.9,270,1,3480,134.0,600,1024,6,8,1,0,120.0
Asus Zenpad 3 8.0 Z581KL,205.4,136.4,7.6,320,0,4680,193.3,1536,2048,6,32,4,0,280.0
Asus Zenfone Go ZB500KL,143.7,70.9,11.3,150,1,2600,68.9,720,1280,6,16,2,0,130.0
Asus Zenfone 3 Max ZC553KL,151.4,76.2,8.3,175,1,4100,83.4,1080,1920,6,32,2,0,190.0
Asus Zenfone 3 Deluxe 5.5 ZS550KL,151.5,76.7,7.8,151,1,3000,83.4,1080,1920,6,64,4,1,280.0
Asus Zenpad Z10 ZT500KL,242.3,166.1,7.1,490,0,7800,291.4,1536,2048,6,32,3,0,300.0
Asus Zenpad 3S 10 Z500M,240.5,163.7,7.2,430,0,5900,291.4,1536,2048,6,32,4,0,340.0
Asus Zenfone 3 Max ZC520TL,149.5,73.7,8.6,148,0,4130,74.5,720,1280,6,16,2,0,230.0
Asus Zenfone 3 Laser ZC551KL,149,76,7.9,150,1,3000,83.4,1080,1920,6,16,2,0,160.0
Asus Zenfone 3 ZE520KL,146.9,74,7.7,144,1,2600,74.5,1080,1920,6,32,3,0,280.0
Asus Zenfone Pegasus 3,149.5,73.7,8.6,158,1,4100,74.5,720,1280,6,16,2,0,210.0
Asus Zenfone 3 Ultra ZU680KL,186.4,93.9,6.8,233,1,4600,127.5,1080,1920,6,32,3,0,300.0
Asus Zenfone 3 Deluxe ZS570KL,156.4,77.4,7.5,170,1,3000,89.6,1080,1920,6,64,4,1,230.0
Asus Zenfone 3 ZE552KL,152.6,77.4,7.7,155,1,3000,83.4,1080,1920,6,32,3,0,330.0
Asus Zenfone Go ZB450KL,136.5,66.7,11.2,135,0,2070,55.8,480,854,6,8,1,0,110.0
Asus Zenfone Go ZB452KG,136.5,66.7,11.2,125,0,2070,55.8,480,854,6,8,1,0,90.0
Asus Zenfone Go ZB551KL,151,76.9,10.7,160,1,3010,83.4,720,1280,6,16,2,0,150.0
Asus Live G500TG,144.5,71,10,140,0,2070,68.9,720,1280,6,16,2,0,160.0
Asus Zenfone 2 Laser ZE551KL,152.4,77.2,10.9,170,0,3000,83.4,1080,1920,6,16,3,0,180.0
Asus Zenfone Zoom ZX551ML,158.9,78.8,12,185,0,3000,83.4,1080,1920,6,32,4,1,250.0
Asus Zenpad 10 Z300C,251.6,172,7.9,510,0,4890,295.8,800,1280,6,8,2,0,160.0
Asus Zenfone Go ZC500TG,144.5,71,10,135,0,2070,68.9,720,1280,6,8,2,0,130.0
Asus Zenfone Max ZC550KL,156,77.5,10.6,202,0,5000,83.4,720,1280,6,8,2,0,170.0
Asus Zenfone 2 Laser ZE601KL,164.6,84,10.6,190,0,3000,99.2,1080,1920,6,16,2,0,270.0
Asus Zenfone 2 Laser ZE600KL,164.6,84,10.6,190,0,3000,99.2,720,1280,6,16,2,0,310.0
Asus Zenfone 2 Laser ZE550KL,152.5,77.2,10.8,170,0,3000,83.4,720,1280,6,16,2,0,220.0
Asus Zenfone 2 Laser ZE500KG,143.7,71.5,10.5,140,1,2040,68.9,720,1280,6,8,2,0,200.0
Asus Zenfone 2 Laser ZE500KL,143.7,71.5,10.5,140,0,2400,68.9,720,1280,6,8,2,0,210.0
Asus Zenfone 11 Ultra,163.8,76.8,8.9,224,1,5500,111.0,1080,2400,6,256,12,1,877.0
Asus ROG Phone 8 Pro,163.8,76.8,8.9,225,1,5500,111.0,1080,2400,6,512,16,1,929.99
Asus ROG Phone 8,163.8,76.8,8.9,225,1,5500,111.0,1080,2400,6,256,12,1,749.99
Asus ROG Phone 7 Ultimate,173,77,10.3,239,0,6000,109.5,1080,2448,6,512,16,1,42.8
Asus ROG Phone 7,173,77,10.3,239,0,6000,109.5,1080,2448,6,256,12,1,2099.0
Asus ROG Phone 6D Ultimate,173,77,10.4,247,0,6000,109.5,1080,2448,6,512,16,1,1100.0
Asus ROG Phone 6D,173,77,10.4,239,0,6000,109.5,1080,2448,6,256,12,1,690.0
Asus ROG Phone 6 Diablo Immortal Edition,173,77,10.4,239,0,6000,109.5,1080,2448,6,512,16,1,860.0
Asus ROG Phone 6 Batman Edition,173,77,10.4,239,0,6000,109.5,1080,2448,6,256,12,1,1500.0
Asus ROG Phone 6 Pro,173,77,10.3,239,0,6000,109.5,1080,2448,6,512,18,1,800.0
Asus ROG Phone 6,173,77,10.3,239,0,6000,109.5,1080,2448,6,128,8,1,699.0
Asus ROG Phone 5s Pro,172.8,77.3,9.9,238,0,6000,109.5,1080,2448,6,512,18,1,2000.0
Asus ROG Phone 5s,172.8,77.3,9.9,238,0,6000,109.5,1080,2448,6,128,8,1,1030.0
Asus Smartphone for Snapdragon Insiders,173.2,77.3,9.6,210,0,4000,109.5,1080,2400,6,512,16,1,1270.0
Asus Zenfone 8 Flip,165,77.3,9.6,230,0,5000,107.4,1080,2400,6,128,8,1,380.0
Asus ROG Phone 5 Ultimate,172.8,77.3,10.3,238,0,6000,109.5,1080,2448,6,512,18,1,1300.0
Asus ROG Phone 5 Pro,172.8,77.3,10.3,238,0,6000,109.5,1080,2448,6,512,16,1,680.0
Asus ROG Phone 5,172.8,77.3,10.3,238,0,6000,109.5,1080,2448,6,128,8,1,1168.7
Asus Zenfone 7 Pro,165.1,77.3,9.6,230,0,5000,107.4,1080,2400,6,256,8,1,670.0
Asus ROG Phone 3,171,78,9.9,240,0,6000,106.6,1080,2340,6,128,8,1,650.0
Asus ROG Phone 3 Strix,171,78,9.9,240,0,6000,106.6,1080,2340,6,128,8,1,1400.0
Asus ROG Phone II ZS660KL,171,77.6,9.5,240,0,6000,106.6,1080,2340,6,128,8,1,1070.0
Asus Zenfone Max Plus (M2) ZB634KL,159.2,76.2,8.4,165,0,4000,98.7,1080,2246,6,32,3,0,200.0
Asus Zenfone Max Pro (M2) ZB631KL,157.9,75.5,8.5,175,0,5000,97.8,1080,2280,6,32,3,1,370.0
Asus Zenfone Max (M1) ZB556KL,147.3,70.9,8.7,150,0,4000,86.5,720,1440,6,32,3,0,120.0
Asus ZenFone Lite (L1) ZA551KL,147.3,71.8,8.2,140,1,3000,76.7,720,1440,6,16,2,0,80.0
Asus ROG Phone ZS600KL,158.8,76.2,8.3,200,1,4000,92.9,1080,2160,6,128,8,1,1110.0
Asus ZenFone Live (L1) ZA550KL,147.3,71.8,8.2,140,1,3000,78.1,720,1440,6,16,1,0,100.0
Asus Zenfone Max Pro (M1) ZB601KL/ZB602K,159,76,8.5,180,0,5000,92.1,1080,2160,6,32,3,1,160.0
Asus Zenfone 5z ZS620KL,153,75.7,7.9,165,1,3300,96.9,1080,2246,6,64,4,1,500.0
Asus Zenfone 5 ZE620KL,153,75.7,7.7,165,1,3300,96.9,1080,2246,6,64,4,1,320.0
Asus Zenfone Max (M1) ZB555KL,147.3,70.9,8.7,150,0,4000,88.1,720,1440,6,16,2,0,150.0
Asus Zenfone Max Plus (M1) ZB570TL,152.6,73,8.8,160,0,4130,83.8,1080,2160,6,16,2,0,250.0
Asus Zenfone V V520KL,146.6,72.6,7.6,147,1,3000,74.5,1080,1920,6,32,4,0,100.0
Asus Zenfone 4 Pro ZS551KL,156.9,75.6,7.6,175,1,3600,83.4,1080,1920,6,64,6,1,350.0
Asus Zenfone 4 ZE554KL,155.4,75.2,7.7,165,1,3300,83.4,1080,1920,6,64,4,1,350.0
Asus Zenfone 4 Selfie Lite ZB553KL,155.7,75.9,7.9,144,1,3000,83.4,720,1280,6,16,2,0,180.0
Asus Zenfone 4 Selfie ZB553KL,155.7,75.9,7.9,144,1,3000,83.4,720,1280,6,32,3,0,150.0
Asus Zenfone 4 Selfie Pro ZD552KL,154,74.8,6.9,147,1,3000,83.4,1080,1920,6,64,3,0,250.0
Asus Zenfone 4 Selfie ZD553KL,155.7,75.9,7.9,144,1,3000,83.4,720,1280,6,64,4,0,250.0
Asus Zenfone 4 Max ZC520KL,150.5,73.3,8.8,156,0,4100,74.5,720,1280,6,16,2,0,180.0
alcatel 1B (2022),146.7,71.9,10,172,1,3000,78.1,720,1440,6,32,2,0,100.0
alcatel 1L Pro (2021),156.4,74.8,9.7,190,1,3000,91.3,720,1560,6,32,2,0,110.0
alcatel 1 (2021),137.6,65.7,9.8,134,1,2000,64.5,480,960,6,8,1,0,60.0
alcatel 3L (2021),165.6,75.6,8.7,194,0,4000,102.6,720,1600,6,64,4,1,330.0
alcatel 1S (2021),165.6,75.6,8.8,190,0,4000,102.6,720,1600,6,32,3,0,130.0
alcatel 1L (2021),155.9,74.5,9.9,179,1,3000,91.3,720,1560,6,32,2,0,110.0
alcatel 1V (2021),165.2,75.5,8.9,190,1,5000,102.6,720,1600,6,32,2,0,100.0
alcatel 1SE (2020),159.2,75.2,8.7,175,0,4000,96.6,720,1520,6,32,3,0,150.0
alcatel Go Flip 4,107.3,55.6,19.9,133,1,1850,24.3,240,320,6,4,512,0,120.0
alcatel Go Flip 3,104.9,53.1,20.1,118,1,1350,24.3,240,320,6,4,512,0,80.0
alcatel Go Flip V,104.9,52.8,18.7,118,1,1350,24.3,240,320,6,8,1,0,80.0
alcatel 3T10 2020,243.3,161.2,9.4,475,0,5500,295.8,800,1280,6,32,2,0,170.0
alcatel 3X (2020),165,75,9.1,186,0,5000,102.6,720,1600,6,64,4,0,170.0
alcatel 3L (2020),158.7,74.6,8.5,165,0,4000,96.6,720,1520,6,64,4,0,150.0
alcatel 1S (2020),158.7,74.6,8.5,165,0,4000,96.6,720,1520,6,32,3,0,100.0
alcatel 1V (2020),158.7,74.8,8.9,160,0,4000,96.6,720,1520,6,32,2,0,80.0
alcatel 1B (2020),146.1,71.6,9.9,168,1,3000,78.1,720,1440,6,16,2,0,80.0
alcatel 3v (2019),174.5,83.3,8.4,197,0,4000,115.8,720,1440,6,32,3,0,170.0
alcatel 3x (2019),164.9,75.8,8.4,178,0,4000,102.6,720,1600,6,64,4,1,150.0
alcatel 1v (2019),149.1,72.2,8.9,153,1,2460,78.1,480,960,6,16,1,0,80.0
alcatel 3T 8,209.5,125,8.3,279,0,4080,185.6,800,1280,6,16,1,0,140.0
alcatel 1x (2019),146.4,68.8,8.3,130,1,3000,78.1,720,1440,6,16,2,0,120.0
alcatel 1c (2019),136.6,65.3,10,148,1,2000,64.5,480,960,6,8,1,0,70.0
alcatel 1,137.6,65.7,9.8,134,1,2000,64.5,480,960,6,8,1,0,60.0
alcatel Tetra,142.5,71.9,9.4,150,1,2050,68.9,480,854,6,16,2,0,40.0
alcatel 7,162.1,75,8.6,175,1,4000,93.8,1080,2180,6,32,2,0,150.0
alcatel 5v,153.7,74.5,8.5,158,1,4000,96.7,720,1500,6,32,3,1,180.0
alcatel 5,152.3,71.1,8.4,144,1,3000,83.8,720,1440,6,16,2,1,230.0
alcatel 3v,162,76,8.1,155,1,3000,92.9,1080,2160,6,16,2,1,160.0
alcatel 3x (2018),153.5,71.6,8.5,144,1,3000,83.8,720,1440,6,16,2,1,130.0
alcatel 3,147.1,68.8,8.5,145,1,3000,78.1,720,1440,6,16,2,1,170.0
alcatel 1x,147.5,70.6,9.1,151,1,2460,72.5,480,960,6,16,1,1,100.0
alcatel 3c,161,76,7.9,169,1,3000,92.9,720,1440,6,16,1,0,130.0
alcatel 1T 7,189.5,111,9.2,245,1,2580,137.9,600,1024,6,8,1,0,70.0
alcatel Idol 5s,148.6,72,7.5,147,1,2850,74.5,1080,1920,6,32,3,0,140.0
alcatel Idol 5,148,73,7.5,155,1,2800,74.9,1080,1920,6,16,3,0,120.0
alcatel A7 XL,159.6,81.5,8.7,175,1,4000,99.2,1080,1920,6,32,3,0,260.0
alcatel A7,152.7,76.5,9,164,1,4000,83.4,1080,1920,6,32,3,1,190.0
alcatel Pulsemix,146.1,71.9,7.9,145,1,2800,74.5,720,1280,6,16,2,0,70.0
alcatel Idol 5s (USA),148.6,70.9,7.4,148,1,2620,74.5,1080,1920,6,32,3,0,210.0
alcatel Shine Lite,141.5,71.2,7.5,156,1,2460,68.9,720,1280,6,16,2,0,200.0
alcatel Fierce 4,150.9,77,8.1,163,1,2500,83.4,720,1280,6,16,2,0,80.0
alcatel X1,145,69.2,7,140,0,2150,68.9,720,1280,6,16,2,0,200.0
alcatel Pixi 4 (5),140.7,72.7,9.5,148,1,2000,68.9,480,854,6,8,1,0,60.0
alcatel Flash Plus 2,152.6,76.4,8.2,157,1,3000,83.4,1080,1920,6,16,2,0,140.0
alcatel Pop 7 LTE,192,110,9.4,295,1,3240,137.9,600,1024,6,8,1,0,130.0
alcatel Idol 4s Windows,153.9,75.4,7,152,1,3000,83.4,1080,1920,6,64,4,0,200.0
alcatel Idol 4s,153.9,75.4,7,149,1,3000,83.4,1440,2560,6,32,3,1,220.0
alcatel Idol 4,147,72.5,7.1,135,1,2610,74.5,1080,1920,6,16,2,1,200.0
alcatel Pixi 4 (6) 3G,168.5,86.4,8,179,1,2580,99.2,540,960,6,8,1,0,120.0
alcatel Pop 3 (5.5),151.9,77.8,9.5,174,1,2500,83.4,720,1280,6,8,1,0,120.0
alcatel Pop 3 (5),141,71.5,9.9,167,1,1800,68.9,480,854,6,8,1,0,110.0
alcatel Flash 2,145.8,70.4,9,140,1,3000,68.9,720,1280,6,16,2,0,230.0
alcatel Flash Plus,152.3,76.4,8,147,1,3500,83.4,720,1280,6,16,2,0,130.0
alcatel Pop Astro,133.6,65.3,9.9,144,1,2000,55.8,540,960,6,4,1,0,130.0
alcatel Idol 3 (5.5),152.7,75.1,7.4,141,1,2910,83.4,1080,1920,6,16,2,1,250.0
alcatel Pixi 3 (8) 3G,209,124,9.2,335,1,3240,185.6,800,1280,6,4,1,0,100.0
alcatel Pixi 3 (7) LTE,191,109,9.2,260,1,2820,137.9,600,1024,6,4,1,0,130.0
alcatel Pixi 3 (7) 3G,189,111,9.1,260,1,2820,137.9,600,1024,6,4,512,0,100.0
alcatel 1B (2022),146.7,71.9,10,172,1,3000,78.1,720,1440,6,32,2,0,100.0
alcatel 1L Pro (2021),156.4,74.8,9.7,190,1,3000,91.3,720,1560,6,32,2,0,110.0
alcatel 1 (2021),137.6,65.7,9.8,134,1,2000,64.5,480,960,6,8,1,0,60.0
alcatel 3L (2021),165.6,75.6,8.7,194,0,4000,102.6,720,1600,6,64,4,1,330.0
alcatel 1S (2021),165.6,75.6,8.8,190,0,4000,102.6,720,1600,6,32,3,0,130.0
alcatel 1L (2021),155.9,74.5,9.9,179,1,3000,91.3,720,1560,6,32,2,0,110.0
alcatel 1V (2021),165.2,75.5,8.9,190,1,5000,102.6,720,1600,6,32,2,0,100.0
alcatel 1SE (2020),159.2,75.2,8.7,175,0,4000,96.6,720,1520,6,32,3,0,150.0
alcatel Go Flip 4,107.3,55.6,19.9,133,1,1850,24.3,240,320,6,4,512,0,120.0
alcatel Go Flip 3,104.9,53.1,20.1,118,1,1350,24.3,240,320,6,4,512,0,80.0
alcatel Go Flip V,104.9,52.8,18.7,118,1,1350,24.3,240,320,6,8,1,0,80.0
alcatel 3T10 2020,243.3,161.2,9.4,475,0,5500,295.8,800,1280,6,32,2,0,170.0
alcatel 3X (2020),165,75,9.1,186,0,5000,102.6,720,1600,6,64,4,0,170.0
alcatel 3L (2020),158.7,74.6,8.5,165,0,4000,96.6,720,1520,6,64,4,0,150.0
alcatel 1S (2020),158.7,74.6,8.5,165,0,4000,96.6,720,1520,6,32,3,0,100.0
alcatel 1V (2020),158.7,74.8,8.9,160,0,4000,96.6,720,1520,6,32,2,0,80.0
alcatel 1B (2020),146.1,71.6,9.9,168,1,3000,78.1,720,1440,6,16,2,0,80.0
alcatel 3v (2019),174.5,83.3,8.4,197,0,4000,115.8,720,1440,6,32,3,0,170.0
alcatel 3x (2019),164.9,75.8,8.4,178,0,4000,102.6,720,1600,6,64,4,1,150.0
alcatel 1v (2019),149.1,72.2,8.9,153,1,2460,78.1,480,960,6,16,1,0,80.0
alcatel 3T 8,209.5,125,8.3,279,0,4080,185.6,800,1280,6,16,1,0,140.0
alcatel 1x (2019),146.4,68.8,8.3,130,1,3000,78.1,720,1440,6,16,2,0,120.0
alcatel 1c (2019),136.6,65.3,10,148,1,2000,64.5,480,960,6,8,1,0,70.0
alcatel 1,137.6,65.7,9.8,134,1,2000,64.5,480,960,6,8,1,0,60.0
alcatel Tetra,142.5,71.9,9.4,150,1,2050,68.9,480,854,6,16,2,0,40.0
alcatel 7,162.1,75,8.6,175,1,4000,93.8,1080,2180,6,32,2,0,150.0
alcatel 5v,153.7,74.5,8.5,158,1,4000,96.7,720,1500,6,32,3,1,180.0
alcatel 5,152.3,71.1,8.4,144,1,3000,83.8,720,1440,6,16,2,1,230.0
alcatel 3v,162,76,8.1,155,1,3000,92.9,1080,2160,6,16,2,1,160.0
alcatel 3x (2018),153.5,71.6,8.5,144,1,3000,83.8,720,1440,6,16,2,1,130.0
alcatel 3,147.1,68.8,8.5,145,1,3000,78.1,720,1440,6,16,2,1,170.0
alcatel 1x,147.5,70.6,9.1,151,1,2460,72.5,480,960,6,16,1,1,100.0
alcatel 3c,161,76,7.9,169,1,3000,92.9,720,1440,6,16,1,0,130.0
alcatel 1T 7,189.5,111,9.2,245,1,2580,137.9,600,1024,6,8,1,0,70.0
alcatel Idol 5s,148.6,72,7.5,147,1,2850,74.5,1080,1920,6,32,3,0,140.0
alcatel Idol 5,148,73,7.5,155,1,2800,74.9,1080,1920,6,16,3,0,120.0
alcatel A7 XL,159.6,81.5,8.7,175,1,4000,99.2,1080,1920,6,32,3,0,260.0
alcatel A7,152.7,76.5,9,164,1,4000,83.4,1080,1920,6,32,3,1,190.0
alcatel Pulsemix,146.1,71.9,7.9,145,1,2800,74.5,720,1280,6,16,2,0,70.0
alcatel Idol 5s (USA),148.6,70.9,7.4,148,1,2620,74.5,1080,1920,6,32,3,0,210.0
Samsung Galaxy Z Fold Special,157.9,142.6,5.6,236,0,4400,205.3,1968,2184,6,512,16,1,1870.0
Samsung Galaxy A16,164.4,77.9,7.9,200,1,5000,110.2,1080,2340,6,128,4,1,200.0
Samsung Galaxy A16 5G,164.4,77.9,7.9,200,1,5000,110.2,1080,2340,6,128,4,1,225.0
Samsung Galaxy S24 FE,162,77.3,8,213,1,4700,110.2,1080,2340,6,128,8,1,549.99
Samsung Galaxy Tab S10 Ultra,326.4,208.6,5.4,718,0,11200,617.8,1848,2960,6,256,12,0,1200.0
Samsung Galaxy M55s,163.9,76.5,7.8,180,1,5000,108.4,1080,2400,6,128,8,1,275.988
Samsung Galaxy F05,168.8,78.2,8.8,195,1,5000,108.4,720,1600,6,64,4,0,90.0
Samsung Galaxy M05,168.8,78.2,8.8,195,1,5000,108.4,720,1600,6,64,4,0,95.988
Samsung Galaxy A06,167.3,77.3,8,189,0,5000,108.4,720,1600,6,64,4,0,108.99
Samsung Galaxy F14 4G,168,77.8,8.8,194,1,5000,108.4,1080,2400,6,64,4,0,104.28
Samsung Galaxy M35,162.3,78.6,9.1,222,1,6000,106.9,1080,2340,6,128,6,1,243.08900000000003
Samsung Galaxy F55,163.9,76.5,7.8,180,1,5000,108.4,1080,2400,6,128,8,1,235.89600000000002
Samsung Galaxy M55,163.9,76.5,7.8,180,1,5000,108.4,1080,2400,6,128,8,1,339.157
Samsung Galaxy Tab S6 Lite (2024),244.5,154.3,7,465,0,7040,307.9,1200,2000,6,64,4,0,400.0
Samsung Galaxy A55,161.1,77.4,8.2,213,1,5000,106.9,1080,2340,6,128,6,1,298.95
Samsung Galaxy A35,161.7,78,8.2,209,1,5000,106.9,1080,2340,6,128,6,1,246.87
Samsung Galaxy M15,160.1,76.8,9.3,217,1,6000,103.7,1080,2340,6,128,4,1,175.383
Samsung Galaxy M14 4G,168,77.8,8.8,194,1,5000,107.8,1080,2400,6,64,4,0,101.748
Samsung Galaxy F15,160.1,76.8,9.3,217,1,6000,106.9,1080,2340,6,128,4,0,146.244
Samsung Galaxy S24 Ultra,162.3,79,8.6,232,1,5000,113.5,1440,3120,6,256,12,1,789.99
Samsung Galaxy S24,147,70.6,7.6,167,1,4000,94.4,1080,2340,6,128,8,1,449.9
Samsung Galaxy XCover7,169,80.1,10.2,240,0,4050,104.9,1080,2408,6,64,4,1,401.7
Samsung Galaxy Tab Active5,213.8,126.8,10.1,433,0,5050,185.6,1920,1200,6,128,6,1,480.0
Samsung Galaxy A25,161,76.5,8.3,197,1,5000,103.7,1080,2340,6,128,4,1,158.5
Samsung Galaxy A15 5G,160.1,76.8,8.4,200,1,5000,103.7,1080,2340,6,128,4,1,131.98
Samsung Galaxy A15,160.1,76.8,8.4,200,1,5000,103.7,1080,2340,6,128,4,1,129.99
Samsung Galaxy Tab A9,211,124.7,8,332,0,5100,214.9,800,1340,6,64,4,0,180.0
Samsung Galaxy S23 FE,158,76.5,8.2,209,1,4500,100.5,1080,2340,6,128,8,1,283.26
Samsung Galaxy Tab S9 FE,254.3,165.8,6.5,523,0,8000,344.5,1440,2304,6,128,6,0,315.0
Samsung Galaxy A05s,168,77.8,8.8,194,0,5000,108.4,1080,2400,6,64,4,1,113.89
Samsung Galaxy A05,168.8,78.2,8.8,195,0,5000,108.4,720,1600,6,64,4,0,89.87
Samsung Galaxy F34,161.7,77.2,8.8,208,0,6000,103.7,1080,2340,6,128,6,1,210.0
Samsung Galaxy Tab S9 Ultra,326.4,208.6,5.5,732,0,11200,617.8,1848,2960,6,256,12,0,1200.0
Samsung Galaxy M34 5G,161.7,77.2,8.8,208,0,6000,103.7,1080,2340,6,128,6,1,189.6
Samsung Galaxy F54,164.9,77.3,8.4,199,0,6000,108.4,1080,2400,6,256,8,1,291.24
Samsung Galaxy A24 4G,162.1,77.6,8.3,195,0,5000,103.7,1080,2340,6,128,4,1,180.0
Samsung Galaxy F14,166.8,77.2,9.4,206,0,6000,104.9,1080,2408,6,64,4,0,143.988
Samsung Galaxy M54,164.9,77.3,8.4,199,0,6000,108.4,1080,2400,6,128,8,1,190.0
Samsung Galaxy A54,158.2,76.7,8.2,202,1,5000,100.5,1080,2340,6,128,4,1,150.55
Samsung Galaxy A34,161.3,78.1,8.2,199,1,5000,106.9,1080,2340,6,128,4,1,224.5
Samsung Galaxy M14,166.8,77.2,9.4,206,0,6000,104.9,1080,2408,6,64,4,1,95.88
Samsung Galaxy S23 Ultra,163.4,78.1,8.9,234,1,5000,114.7,1440,3088,6,256,8,1,639.0
Samsung Galaxy S23,146.3,70.9,7.6,168,1,3900,90.1,1080,2340,6,128,8,1,329.53
Samsung Galaxy A14,167.7,78,9.1,201,0,5000,104.9,1080,2408,6,64,4,1,121.0
Samsung Galaxy A14 5G,167.7,78,9.1,202,0,5000,104.9,1080,2408,6,64,4,1,67.73
Samsung Galaxy F04,164.2,75.9,9.1,188,0,5000,102.0,720,1600,6,64,4,0,89.988
Samsung Galaxy M04,164.2,75.9,9.1,188,0,5000,102.0,720,1600,6,64,4,0,95.988
Samsung Galaxy Tab A7 10.4 (2022),247.6,157.4,7,477,0,7040,307.9,1200,2000,6,32,3,0,250.0
Samsung Galaxy A04e,164.2,75.9,9.1,188,0,5000,102.0,720,1600,6,32,3,0,87.18
Samsung Galaxy Tab Active4 Pro,242.9,170.2,10.2,674,0,7600,295.8,1920,1200,6,64,4,1,830.0
Samsung Galaxy A04s,164.7,76.7,9.1,195,0,5000,102.0,720,1600,6,32,3,1,114.98
Samsung Galaxy A04,164.4,76.3,9.1,192,0,5000,102.0,720,1600,6,32,3,0,89.99
Samsung Galaxy A23 5G,165.4,76.9,8.4,197,0,5000,104.9,1080,2408,6,64,4,1,83.58
Samsung Galaxy M13 5G,164.5,76.5,8.8,195,0,5000,102.0,720,1600,6,64,4,0,180.0
Samsung Galaxy M13 (India),165.4,76.9,9.3,207,0,6000,104.9,1080,2408,6,64,4,0,119.988
Samsung Galaxy A13 (SM-A137),165.1,76.4,8.8,195,0,5000,104.9,1080,2408,6,32,3,1,223.6
Samsung Galaxy XCover6 Pro,168.8,79.9,9.9,235,0,4050,104.9,1080,2408,6,128,6,1,265.99
Samsung Galaxy F13,165.4,76.9,9.3,207,0,6000,104.9,1080,2408,6,64,4,1,100.74000000000001
Samsung Galaxy M13,165.4,76.9,8.4,192,0,5000,104.9,1080,2408,6,64,4,1,174.85
Samsung Galaxy Tab S6 Lite (2022),244.5,154.3,7,465,0,7040,307.9,1200,2000,6,64,4,0,400.0
Samsung Galaxy M53,164.7,77,7.4,176,1,5000,108.1,1080,2408,6,128,6,1,383.929
Samsung Galaxy S20 FE 2022,159.8,74.5,8.4,190,1,4500,102.0,1080,2400,6,128,6,1,520.0
Samsung Galaxy A73 5G,163.7,76.1,7.6,181,0,5000,108.4,1080,2400,6,128,6,1,599.0
Samsung Galaxy A53 5G,159.6,74.8,8.1,189,0,5000,102.0,1080,2400,6,128,4,1,119.99
Samsung Galaxy A33 5G,159.7,74,8.1,186,0,5000,98.9,1080,2400,6,128,4,1,189.95
Samsung Galaxy F23,165.5,77,8.4,198,0,5000,104.9,1080,2408,6,128,4,1,155.88
Samsung Galaxy M33,165.4,76.9,9.4,198,1,5000,104.9,1080,2408,6,128,6,1,484.10699999999997
Samsung Galaxy M23,165.5,77,8.4,198,0,5000,104.9,1080,2408,6,64,4,1,305.35699999999997
Samsung Galaxy A23,165.4,76.9,8.4,195,0,5000,104.9,1080,2408,6,64,4,1,149.99
Samsung Galaxy A13,165.1,76.4,8.8,195,0,5000,104.9,1080,2408,6,32,3,1,87.0
Samsung Galaxy S22 Ultra 5G,163.3,77.9,8.9,228,1,5000,114.7,1440,3088,6,128,8,1,368.39
Samsung Galaxy S22 5G,146,70.6,7.6,167,1,3700,90.1,1080,2340,6,128,8,1,199.95
Samsung Galaxy Tab S8 Ultra,326.4,208.6,5.5,726,0,11200,612.6,1848,2960,6,128,8,0,1150.0
Samsung Galaxy Tab S8,253.8,165.3,6.3,503,0,8000,350.9,1600,2560,6,128,8,0,348.0
Samsung Galaxy S21 FE 5G,155.7,74.5,7.9,177,1,4500,100.5,1080,2340,6,128,6,1,144.75
Samsung Galaxy Tab A8 10.5 (2021),246.8,161.9,6.9,508,0,7040,319.7,1200,1920,6,32,2,0,230.0
Samsung Galaxy A13 5G,164.5,76.5,8.8,195,0,5000,102.0,720,1600,6,64,4,1,74.99
Samsung Galaxy A16,164.4,77.9,7.9,200,1,5000,110.2,1080,2340,6,128,4,1,200.0
Samsung Galaxy A16 5G,164.4,77.9,7.9,200,1,5000,110.2,1080,2340,6,128,4,1,225.0
Samsung Galaxy S24 FE,162,77.3,8,213,1,4700,110.2,1080,2340,6,128,8,1,549.99
Samsung Galaxy Tab S10 Ultra,326.4,208.6,5.4,718,0,11200,617.8,1848,2960,6,256,12,0,1200.0
Samsung Galaxy M55s,163.9,76.5,7.8,180,1,5000,108.4,1080,2400,6,128,8,1,275.988
Samsung Galaxy F05,168.8,78.2,8.8,195,1,5000,108.4,720,1600,6,64,4,0,90.0
Samsung Galaxy M05,168.8,78.2,8.8,195,1,5000,108.4,720,1600,6,64,4,0,95.988
Samsung Galaxy A06,167.3,77.3,8,189,0,5000,108.4,720,1600,6,64,4,0,108.99
Samsung Galaxy F14 4G,168,77.8,8.8,194,1,5000,108.4,1080,2400,6,64,4,0,104.28
Samsung Galaxy M35,162.3,78.6,9.1,222,1,6000,106.9,1080,2340,6,128,6,1,243.08900000000003
Samsung Galaxy F55,163.9,76.5,7.8,180,1,5000,108.4,1080,2400,6,128,8,1,235.89600000000002
Samsung Galaxy M55,163.9,76.5,7.8,180,1,5000,108.4,1080,2400,6,128,8,1,339.157
Samsung Galaxy Tab S6 Lite (2024),244.5,154.3,7,465,0,7040,307.9,1200,2000,6,64,4,0,400.0
Samsung Galaxy A55,161.1,77.4,8.2,213,1,5000,106.9,1080,2340,6,128,6,1,298.95
Samsung Galaxy A35,161.7,78,8.2,209,1,5000,106.9,1080,2340,6,128,6,1,246.87
Samsung Galaxy M15,160.1,76.8,9.3,217,1,6000,103.7,1080,2340,6,128,4,1,175.383
Samsung Galaxy M14 4G,168,77.8,8.8,194,1,5000,107.8,1080,2400,6,64,4,0,101.748
Samsung Galaxy F15,160.1,76.8,9.3,217,1,6000,106.9,1080,2340,6,128,4,0,146.244
Samsung Galaxy S24 Ultra,162.3,79,8.6,232,1,5000,113.5,1440,3120,6,256,12,1,789.99
Samsung Galaxy S24,147,70.6,7.6,167,1,4000,94.4,1080,2340,6,128,8,1,449.9
Samsung Galaxy XCover7,169,80.1,10.2,240,0,4050,104.9,1080,2408,6,64,4,1,401.7
Samsung Galaxy Tab Active5,213.8,126.8,10.1,433,0,5050,185.6,1920,1200,6,128,6,1,480.0
Samsung Galaxy A25,161,76.5,8.3,197,1,5000,103.7,1080,2340,6,128,4,1,158.5
Samsung Galaxy A15 5G,160.1,76.8,8.4,200,1,5000,103.7,1080,2340,6,128,4,1,131.98
Samsung Galaxy A15,160.1,76.8,8.4,200,1,5000,103.7,1080,2340,6,128,4,1,129.99
Samsung Galaxy Tab A9,211,124.7,8,332,0,5100,214.9,800,1340,6,64,4,0,180.0
Samsung Galaxy S23 FE,158,76.5,8.2,209,1,4500,100.5,1080,2340,6,128,8,1,283.26
Samsung Galaxy Tab S9 FE,254.3,165.8,6.5,523,0,8000,344.5,1440,2304,6,128,6,0,315.0
Samsung Galaxy A05s,168,77.8,8.8,194,0,5000,108.4,1080,2400,6,64,4,1,113.89
Samsung Galaxy A05,168.8,78.2,8.8,195,0,5000,108.4,720,1600,6,64,4,0,89.87
Samsung Galaxy F34,161.7,77.2,8.8,208,0,6000,103.7,1080,2340,6,128,6,1,210.0
Samsung Galaxy Tab S9 Ultra,326.4,208.6,5.5,732,0,11200,617.8,1848,2960,6,256,12,0,1200.0
Samsung Galaxy M34 5G,161.7,77.2,8.8,208,0,6000,103.7,1080,2340,6,128,6,1,189.6
Xiaomi Pad 7 Pro,251.2,173.4,6.2,500,1,8850,373.7,2136,3200,6,128,8,0,310.0
Xiaomi Pad 7,251.2,173.4,6.2,500,1,8850,373.7,2136,3200,6,128,8,0,260.0
Xiaomi 15 Pro,161.3,75.3,8.4,213,1,6100,108.9,1440,3200,6,256,12,1,690.0
Xiaomi 15,152.3,71.2,8.1,189,1,5400,97.6,1200,2670,6,256,12,1,590.0
Xiaomi Poco C75,171.9,77.8,8.2,204,1,5160,112.4,720,1640,6,128,6,1,142.5
Xiaomi 14T Pro,160.4,75.1,8.4,209,0,5000,107.4,1220,2712,6,256,12,1,549.0
Xiaomi 14T,160.5,75.1,7.8,193,0,5000,107.4,1220,2712,6,256,12,1,549.0
Xiaomi Redmi Note 14 Pro,162.3,74.4,8.2,190,1,5500,107.4,1220,2712,6,128,8,1,218.99
Xiaomi Redmi Note 14,162.4,75.7,8,190,1,5110,107.4,1080,2400,6,128,6,0,140.0
Xiaomi Redmi 14R,171.9,77.8,8.2,205,1,5160,112.4,720,1640,6,128,4,0,140.0
Xiaomi Redmi 14C,171.9,77.8,8.2,204,1,5160,112.4,720,1640,6,128,4,1,123.87
Xiaomi Poco Pad 5G,280,181.9,7.5,568,1,10000,424.5,1600,2560,6,128,8,0,220.0
Xiaomi Poco M6 Plus,168.6,76.3,8.3,205,1,5030,109.5,1080,2460,6,128,6,0,137.988
Xiaomi Redmi Pad SE 8.7,211.6,125.5,8.8,370,1,6650,214.9,800,1340,6,64,4,0,120.0
Xiaomi Redmi K70 Ultra,160.4,75.1,8.4,211,0,5500,107.4,1220,2712,6,256,12,1,330.0
Xiaomi Redmi 13 5G,168.6,76.3,8.3,205,0,5030,109.5,1080,2460,6,128,6,1,155.988
Xiaomi Poco M6 4G,168.6,76.3,8.3,205,1,5030,109.5,1080,2460,6,128,6,1,156.25
Xiaomi 14 Civi,157.2,72.8,7.5,177,0,4700,103.5,1236,2750,6,256,8,1,490.188
Xiaomi Redmi 13,168.6,76.3,8.3,205,1,5030,109.5,1080,2460,6,128,6,1,155.0
Xiaomi Redmi Pad Pro 5G,280,181.9,7.5,566,1,10000,424.5,1600,2560,6,128,6,0,250.0
Xiaomi Redmi A3x,168.4,76.3,8.3,193,1,5000,106.5,720,1650,6,64,3,0,92.0
Xiaomi Poco F6 Pro,160.9,75,8.2,209,1,5000,107.4,1440,3200,6,256,12,1,464.99
Xiaomi Poco F6,160.5,74.5,8,179,1,5000,107.4,1220,2712,6,256,8,1,348.99
Xiaomi Poco Pad,280,181.9,7.5,571,1,10000,424.5,1600,2560,6,256,8,0,280.0
Xiaomi Redmi Note 13R,168.6,76.3,8.2,205,1,5030,109.5,1080,2460,6,128,6,1,180.0
Xiaomi Redmi Pad Pro,280,181.9,7.5,571,1,10000,424.5,1600,2560,6,128,6,0,200.0
Xiaomi Redmi Turbo 3,160.5,74.4,7.8,179,0,5000,107.4,1220,2712,6,256,12,1,260.0
Xiaomi Poco C61,168.4,76.3,8.3,199,0,5000,106.5,720,1650,6,64,3,0,71.988
Xiaomi Civi 4 Pro,157.2,72.8,7.5,177,0,4700,103.5,1236,2750,6,256,12,1,380.0
Xiaomi Poco X6 Neo,161.1,75,7.7,175,0,5000,107.4,1080,2400,6,128,8,0,131.988
Xiaomi 14,152.8,71.5,8.2,188,0,4610,97.6,1200,2670,6,256,8,1,191.86
Xiaomi 14 Ultra,161.4,75.3,9.2,219,1,5000,108.9,1440,3200,6,256,12,1,1085.0
Xiaomi Pad 6S Pro 12.4,278.7,191.6,6.3,590,1,10000,457.8,2032,3048,6,256,8,1,700.0
Xiaomi Redmi A3,168.3,76.3,8.3,193,1,5000,106.5,720,1650,6,64,2,1,82.4
Xiaomi Redmi Note 13 Pro 4G,161.1,75,8,188,1,5000,107.4,1080,2400,6,128,8,1,200.0
Xiaomi Redmi Note 13 4G,162.3,75.6,8,188,1,5000,107.4,1080,2400,6,128,6,1,130.7
Xiaomi Redmi Note 13 Pro,161.2,74.2,8,187,0,5100,107.4,1220,2712,6,128,8,1,233.0
Xiaomi Redmi Note 13,161.1,75,7.6,174,0,5000,107.4,1080,2400,6,128,6,1,112.61
Xiaomi Poco X6 Pro,160.5,74.3,8.3,186,1,5000,107.4,1220,2712,6,256,8,1,279.0
Xiaomi Poco X6,161.2,74.3,8,181,1,5100,107.4,1220,2712,6,256,8,1,235.6
Xiaomi Poco M6 Pro,161.1,75,8,179,1,5000,107.4,1080,2400,6,256,8,1,176.25
Xiaomi Poco M6,168,78,8.1,195,0,5000,109.7,720,1600,6,64,4,0,95.988
Xiaomi Redmi 13R,168.1,77.9,8.2,195,1,5000,109.7,720,1600,6,128,4,0,130.0
Xiaomi Redmi 13C 5G,168,78,8.1,192,1,5000,109.7,720,1600,6,128,4,0,159.64000000000001
Xiaomi Redmi K70,160.9,75,8.2,209,0,5000,107.4,1440,3200,6,256,12,1,320.0
Xiaomi Redmi K70E,160.5,74.3,8.1,198,0,5500,107.4,1220,2712,6,256,8,1,260.0
Xiaomi Redmi Note 13R Pro,161.1,75,7.7,175,0,5000,107.4,1080,2400,6,256,12,1,260.0
Xiaomi Redmi 13C,168,78,8.1,192,0,5000,109.7,720,1600,6,128,4,1,124.5
Xiaomi Poco C65,168,78,8.1,192,0,5000,109.7,720,1600,6,128,4,1,105.0
Xiaomi 14 Pro,161.4,75.3,8.5,223,0,4880,108.9,1440,3200,6,256,12,1,650.0
Xiaomi 13T Pro,162.2,75.7,8.5,200,0,5000,107.4,1220,2712,6,256,12,1,450.0
Xiaomi 13T,162.2,75.7,8.5,193,0,5000,107.4,1220,2712,6,256,8,1,498.99
Xiaomi Redmi Note 13 (China),161.1,75,7.6,173,0,5000,107.4,1080,2400,6,128,6,0,250.0
Xiaomi Redmi Pad SE,255.5,167.1,7.4,478,0,8000,347.5,1200,1920,6,128,4,0,200.0
Xiaomi Redmi K60 Ultra,162.2,75.7,8.5,204,0,5000,107.4,1220,2712,6,256,12,1,330.0
Xiaomi Pad 6 Max 14,318.6,206.1,6.5,750,0,10000,573.0,1800,2880,6,256,8,1,450.0
Xiaomi Poco M6 Pro 5G,168.6,76.3,8.2,199,0,5000,109.5,1080,2460,6,64,4,0,113.988
Xiaomi Redmi 12 5G,168.6,76.3,8.2,199,0,5000,109.5,1080,2460,6,128,4,0,157.46500000000003
Xiaomi Redmi Note 12R,168.6,76.3,8.2,199,0,5000,109.5,1080,2460,6,128,4,1,150.0
Xiaomi Redmi Note 12R Pro,165.9,76.2,8,188,0,5000,107.4,1080,2400,6,256,12,1,220.0
Xiaomi Redmi 12,168.6,76.3,8.2,198,0,5000,109.5,1080,2460,6,128,2,1,117.7
Xiaomi Redmi Note 12T Pro,163.6,74.3,8.9,200,0,5080,103.4,1080,2460,6,128,8,1,340.0
Xiaomi Civi 3,158.7,71.7,7.6,174,0,4500,103.6,1080,2400,6,256,12,1,330.0
Xiaomi Poco F5 Pro,162.8,75.4,8.6,204,0,5160,107.4,1440,3200,6,256,8,1,307.22
Xiaomi Poco F5,161.1,75,7.9,181,0,5000,107.4,1080,2400,6,256,8,1,350.9
Xiaomi 13 Ultra,163.2,74.6,9.1,227,0,5000,108.9,1440,3200,6,256,12,1,1178.0
Xiaomi Pad 6 Pro,254,165.2,6.5,490,0,8600,350.9,1800,2880,6,128,8,0,330.0
Xiaomi Pad 6,254,165.2,6.5,490,0,8840,350.9,1800,2880,6,128,6,0,400.0
Xiaomi Poco C51,164.9,76.8,9.1,192,0,5000,102.6,720,1600,6,64,4,0,100.0
Xiaomi Redmi Note 12S,159.9,73.9,8.1,176,0,5000,99.8,1080,2400,6,64,6,1,128.84
Xiaomi Redmi Note 12 Pro 4G,164.2,76.1,8.1,201,0,5000,107.4,1080,2400,6,128,6,1,159.5
Xiaomi Redmi Note 12 Turbo,161.1,75,7.9,181,0,5000,107.4,1080,2400,6,256,8,1,270.0
Xiaomi Redmi A2,164.9,76.8,9.1,192,0,5000,102.6,720,1600,6,32,2,0,74.38
Xiaomi Redmi Note 12 4G,165.7,76,7.9,183,0,5000,107.4,1080,2400,6,64,4,1,129.5
Xiaomi 13 Pro,162.9,74.6,8.4,210,0,4820,108.9,1440,3200,6,128,8,1,750.0
Xiaomi 13,152.8,71.5,8.0,185,0,4500,97.7,1080,2400,6,128,8,1,690.404
Xiaomi 13 Lite,159.2,72.7,7.2,171,0,4500,103.6,1080,2400,6,128,8,1,320.0
Xiaomi Poco C55,168.8,76.4,8.8,192,0,5000,106.5,720,1650,6,64,4,0,83.988
Xiaomi Poco X5 Pro,162.9,76,7.9,181,0,5000,107.4,1080,2400,6,128,6,1,241.19
Xiaomi Poco X5,165.9,76.2,8,189,0,5000,107.4,1080,2400,6,128,6,1,214.99
Xiaomi Redmi Note 12,165.9,76.2,8,188,0,5000,107.4,1080,2400,6,128,4,1,149.5
Xiaomi Poco C50,164.9,76.8,9.1,192,0,5000,102.6,720,1600,6,32,2,0,80.0
Xiaomi Pad 7 Pro,251.2,173.4,6.2,500,1,8850,373.7,2136,3200,6,128,8,0,310.0
Xiaomi Pad 7,251.2,173.4,6.2,500,1,8850,373.7,2136,3200,6,128,8,0,260.0
Xiaomi 15 Pro,161.3,75.3,8.4,213,1,6100,108.9,1440,3200,6,256,12,1,690.0
Xiaomi 15,152.3,71.2,8.1,189,1,5400,97.6,1200,2670,6,256,12,1,590.0
Xiaomi Poco C75,171.9,77.8,8.2,204,1,5160,112.4,720,1640,6,128,6,1,142.5
Xiaomi 14T Pro,160.4,75.1,8.4,209,0,5000,107.4,1220,2712,6,256,12,1,549.0
Xiaomi 14T,160.5,75.1,7.8,193,0,5000,107.4,1220,2712,6,256,12,1,549.0
Xiaomi Redmi Note 14 Pro,162.3,74.4,8.2,190,1,5500,107.4,1220,2712,6,128,8,1,218.99
Xiaomi Redmi Note 14,162.4,75.7,8,190,1,5110,107.4,1080,2400,6,128,6,0,140.0
Xiaomi Redmi 14R,171.9,77.8,8.2,205,1,5160,112.4,720,1640,6,128,4,0,140.0
Xiaomi Redmi 14C,171.9,77.8,8.2,204,1,5160,112.4,720,1640,6,128,4,1,123.87
Xiaomi Poco Pad 5G,280,181.9,7.5,568,1,10000,424.5,1600,2560,6,128,8,0,220.0
Xiaomi Poco M6 Plus,168.6,76.3,8.3,205,1,5030,109.5,1080,2460,6,128,6,0,137.988
Xiaomi Redmi Pad SE 8.7,211.6,125.5,8.8,370,1,6650,214.9,800,1340,6,64,4,0,120.0
Xiaomi Redmi K70 Ultra,160.4,75.1,8.4,211,0,5500,107.4,1220,2712,6,256,12,1,330.0
Xiaomi Redmi 13 5G,168.6,76.3,8.3,205,0,5030,109.5,1080,2460,6,128,6,1,155.988
Xiaomi Poco M6 4G,168.6,76.3,8.3,205,1,5030,109.5,1080,2460,6,128,6,1,156.25
Xiaomi 14 Civi,157.2,72.8,7.5,177,0,4700,103.5,1236,2750,6,256,8,1,490.188
Xiaomi Redmi 13,168.6,76.3,8.3,205,1,5030,109.5,1080,2460,6,128,6,1,155.0
Xiaomi Redmi Pad Pro 5G,280,181.9,7.5,566,1,10000,424.5,1600,2560,6,128,6,0,250.0
Xiaomi Redmi A3x,168.4,76.3,8.3,193,1,5000,106.5,720,1650,6,64,3,0,92.0
Xiaomi Poco F6 Pro,160.9,75,8.2,209,1,5000,107.4,1440,3200,6,256,12,1,464.99
Xiaomi Poco F6,160.5,74.5,8,179,1,5000,107.4,1220,2712,6,256,8,1,348.99
Xiaomi Poco Pad,280,181.9,7.5,571,1,10000,424.5,1600,2560,6,256,8,0,280.0
Xiaomi Redmi Note 13R,168.6,76.3,8.2,205,1,5030,109.5,1080,2460,6,128,6,1,180.0
Xiaomi Redmi Pad Pro,280,181.9,7.5,571,1,10000,424.5,1600,2560,6,128,6,0,200.0
Xiaomi Redmi Turbo 3,160.5,74.4,7.8,179,0,5000,107.4,1220,2712,6,256,12,1,260.0
Xiaomi Poco C61,168.4,76.3,8.3,199,0,5000,106.5,720,1650,6,64,3,0,71.988
Xiaomi Civi 4 Pro,157.2,72.8,7.5,177,0,4700,103.5,1236,2750,6,256,12,1,380.0
Xiaomi Poco X6 Neo,161.1,75,7.7,175,0,5000,107.4,1080,2400,6,128,8,0,131.988
Xiaomi 14,152.8,71.5,8.2,188,0,4610,97.6,1200,2670,6,256,8,1,191.86
Xiaomi 14 Ultra,161.4,75.3,9.2,219,1,5000,108.9,1440,3200,6,256,12,1,1085.0
Xiaomi Pad 6S Pro 12.4,278.7,191.6,6.3,590,1,10000,457.8,2032,3048,6,256,8,1,700.0
Xiaomi Redmi A3,168.3,76.3,8.3,193,1,5000,106.5,720,1650,6,64,2,1,82.4
Xiaomi Redmi Note 13 Pro 4G,161.1,75,8,188,1,5000,107.4,1080,2400,6,128,8,1,200.0
Xiaomi Redmi Note 13 4G,162.3,75.6,8,188,1,5000,107.4,1080,2400,6,128,6,1,130.7
Xiaomi Redmi Note 13 Pro,161.2,74.2,8,187,0,5100,107.4,1220,2712,6,128,8,1,233.0
Xiaomi Redmi Note 13,161.1,75,7.6,174,0,5000,107.4,1080,2400,6,128,6,1,112.61
Oppo Find X8,157.4,74.3,7.9,193,1,5630,105.6,1256,2760,6,256,12,1,550.0
Oppo Pad 3 Pro,268.7,195.1,6.5,586,1,9510,445.2,2120,3000,6,256,8,0,430.0
Oppo K12 Plus,162.5,75.3,8.4,192,1,6400,108.0,1080,2412,6,256,8,1,250.0
Oppo A80,165.8,76.1,7.7,186,1,5100,107.2,720,1604,6,128,8,1,200.0
Oppo F27,163,75.8,7.7,187,1,5000,107.4,1080,2400,6,128,8,1,233.28
Oppo A3 4G,165.8,76.1,7.7,186,1,5100,107.2,720,1604,6,128,4,1,150.0
Oppo A3,165.7,76,7.7,187,1,5100,107.2,720,1604,6,128,4,0,191.988
Oppo A3x,165.7,76,7.7,187,1,5100,107.2,720,1604,6,64,4,0,107.988
Oppo A3x (China),165.7,76,7.7,186,1,5100,107.2,720,1604,6,128,4,0,150.0
Oppo K12x,165.7,76,7.7,186,1,5100,107.2,720,1604,6,128,6,0,155.988
Oppo A3 (China),162.5,75.4,7.2,178,1,5000,108.0,1080,2412,6,256,8,0,210.0
Oppo A3 Pro,165.8,76.1,7.7,186,1,5100,107.2,720,1604,6,128,6,1,200.0
Oppo Reno12 Pro,161.5,74.8,7.4,180,1,5000,108.0,1080,2412,6,256,12,1,643.5
Oppo Reno12,161.4,74.1,7.6,177,1,5000,108.0,1080,2412,6,256,8,1,505.0
Oppo Reno12 Pro (China),161.4,74.8,7.6,183,1,5000,108.0,1080,2412,6,256,12,1,440.0
Oppo K12x (China),162.9,75.6,8.1,191,1,5500,107.4,1080,2400,6,128,8,0,170.0
Oppo K12,162.5,75.3,8.4,186,1,5500,108.0,1080,2412,6,256,8,1,250.0
Oppo A3 Pro (China),162.7,74.3,7.5,177,0,5000,108.0,1080,2412,6,256,8,0,260.0
Oppo F25 Pro,161.1,74.7,7.5,177,1,5000,108.0,1080,2412,6,128,8,0,270.0
Oppo Reno11 F,161.1,74.7,7.5,177,1,5000,108.0,1080,2412,6,256,8,1,425.0
Oppo Pad Neo,255.1,188,6.9,538,1,8000,396.6,1720,2408,6,128,6,0,240.0
Oppo Reno11 Pro,162.4,74.1,7.6,181,0,4600,108.0,1080,2412,6,256,12,1,347.988
Oppo Reno11,162.4,74.3,7.9,182,0,5000,108.0,1080,2412,6,128,8,1,372.72
Oppo Find X7 Ultra,164.3,76.2,9.5,221,1,5000,113.0,1440,3168,6,256,12,1,770.0
Oppo Find X7,162.7,75.4,8.7,202,1,5000,111.7,1264,2780,6,256,12,1,520.0
Oppo Reno11 Pro (China),163,74.2,8.2,190,0,4700,109.2,1240,2772,6,256,12,1,450.0
Oppo Reno11 (China),162.4,74.1,7.6,184,0,4800,108.0,1080,2412,6,256,8,1,320.0
Oppo Pad Air2,255.1,188,6.9,538,0,8000,396.6,1720,2408,6,128,6,0,170.0
Oppo A2,165.6,76,8,193,0,5000,109.0,1080,2400,6,256,12,0,220.0
Oppo A79,165.6,76,8,193,0,5000,109.0,1080,2400,6,128,4,0,215.988
Oppo A2x,163.8,75.1,8.1,185,0,5000,103.4,720,1612,6,128,6,0,150.0
Oppo A2 Pro,162.7,74.3,8,183,0,5000,108.0,1080,2412,6,256,8,0,240.0
Oppo A38,163.7,75,8.2,190,0,5000,103.4,720,1612,6,128,4,1,265.0
Oppo A58 4G,165.7,76,8,192,0,5000,109.0,1080,2400,6,128,6,1,150.0
Oppo Reno10 Pro,162.3,74.2,7.9,185,0,4600,108.0,1080,2412,6,256,8,1,382.21700000000004
Oppo Reno10,162.4,74.2,8,185,0,5000,108.0,1080,2412,6,128,8,1,490.0
Oppo A78 4G,160,73.2,7.9,180,0,5000,99.8,1080,2400,6,128,8,1,200.0
Oppo K11x,165.5,76,8.3,195,0,5000,109.0,1080,2400,6,128,8,0,250.0
Oppo Reno10 Pro (China),163,74,7.7,186,0,4600,109.2,1240,2772,6,256,16,1,520.0
Oppo Reno10 (China),162.4,74.2,7.6,180,0,4600,108.0,1080,2412,6,256,8,1,330.0
Oppo F23,165.6,76.1,8.2,192,0,5000,109.0,1080,2400,6,128,8,0,270.0
Oppo A98,165.6,76.1,8.2,192,0,5000,109.0,1080,2400,6,256,8,1,290.0
Oppo A1,165.6,76.1,8.2,191,0,5000,109.0,1080,2400,6,256,8,0,270.0
Oppo A1x,163.8,75.1,8,186,0,5000,103.4,720,1612,6,128,6,0,180.0
Oppo Find X6 Pro,164.8,76.2,9.1,216,0,5000,113.0,1440,3168,6,256,12,1,820.0
Oppo Find X6,162.9,74.1,9,207,0,4800,109.2,1240,2772,6,256,12,1,760.0
Oppo Pad 2,258,189.4,6.5,552,0,9510,411.3,2000,2800,6,256,8,0,410.0
Oppo Reno8 T,160.8,73.8,7.8,180,0,5000,99.8,1080,2400,6,128,8,1,539.8030000000001
Oppo Reno8 T 5G,162.3,74.3,7.7,171,0,4800,108.0,1080,2412,6,128,8,1,340.0
Oppo A78,163.8,75.1,8,188,0,5000,103.4,720,1612,6,128,4,1,230.0
Oppo A56s,163.8,75.1,8,186,0,5000,103.4,720,1612,6,128,8,0,150.0
Oppo A58x,163.8,75.1,8,186,0,5000,103.4,720,1612,6,128,6,0,180.0
Oppo Reno9 Pro,162.3,74.2,7.2,174,0,4500,108.0,1080,2412,6,256,16,1,470.0
Oppo Reno9,162.3,74.2,7.2,174,0,4500,108.0,1080,2412,6,256,8,1,600.0
Oppo A1 Pro,162.3,74.3,7.7,171,0,4800,108.0,1080,2412,6,128,8,1,260.0
Oppo A58 (China),163.8,75,8,188,0,5000,103.4,720,1612,6,128,6,0,230.0
Oppo A17k,164.2,75.6,8.3,189,0,5000,103.4,720,1612,6,64,3,0,130.0
Oppo A77s,163.8,75,8,187,0,5000,103.4,720,1612,6,128,8,1,220.0
Oppo A17,164.2,75.6,8.3,189,0,5000,103.4,720,1612,6,64,3,0,329.0
Oppo K10x,164.3,75.6,8.5,195,0,5000,104.5,1080,2412,6,128,6,0,210.0
Oppo A57e,163.7,75,8,187,0,5000,103.4,720,1612,6,64,4,0,180.0
Oppo Reno8 4G,159.9,73.2,7.7,182,0,4500,99.8,1080,2400,6,256,8,1,330.0
Oppo Reno8 Z,159.9,73.2,7.7,181,0,4500,99.8,1080,2400,6,128,8,1,350.0
Oppo A77 4G,163.8,75,8,187,0,5000,103.4,720,1612,6,64,4,1,200.0
Oppo Reno8 Pro,161.2,74.2,7.3,183,0,4500,108.0,1080,2412,6,256,8,1,260.0
Oppo Reno8,160.6,73.4,7.7,179,0,4500,98.9,1080,2400,6,128,8,1,156.8
Oppo A97,163.8,75.1,8,188,0,5000,104.9,1080,2408,6,256,12,0,310.0
Oppo Reno8 Lite,159.9,73.2,7.5,173,0,4500,99.8,1080,2400,6,128,8,1,250.0
Oppo K10 5G,163.8,75.1,8,190,0,5000,103.4,720,1612,6,128,6,1,270.0
Oppo A77,163.8,75.1,8,190,0,5000,103.4,720,1612,6,64,4,1,165.1
Oppo A57 4G,163.7,75,8,187,0,5000,103.4,720,1612,6,64,3,0,129.922
Oppo Reno8 Pro (China),161,74.2,7.6,188,0,4500,106.3,1080,2400,6,128,8,1,420.0
Oppo Reno8 (China),160.6,73.4,7.7,179,0,4500,99.8,1080,2400,6,128,8,1,350.0
Oppo Pad Air,245.1,154.8,6.9,440,0,7100,305.5,1200,2000,6,64,4,0,300.0
Oppo K10 Pro,162.7,75.7,8.6,199,0,5000,106.3,1080,2400,6,128,8,1,360.0
Oppo K10 5G (China),164.3,75.8,8.7,205,0,5000,104.5,1080,2412,6,128,8,1,290.0
Oppo A55s,163.9,75.7,8.4,186,0,5000,102.0,720,1600,6,128,6,0,160.0
Oppo Find X8,157.4,74.3,7.9,193,1,5630,105.6,1256,2760,6,256,12,1,550.0
Oppo Pad 3 Pro,268.7,195.1,6.5,586,1,9510,445.2,2120,3000,6,256,8,0,430.0
Oppo K12 Plus,162.5,75.3,8.4,192,1,6400,108.0,1080,2412,6,256,8,1,250.0
Oppo A80,165.8,76.1,7.7,186,1,5100,107.2,720,1604,6,128,8,1,200.0
Oppo F27,163,75.8,7.7,187,1,5000,107.4,1080,2400,6,128,8,1,233.28
Oppo A3 4G,165.8,76.1,7.7,186,1,5100,107.2,720,1604,6,128,4,1,150.0
Oppo A3,165.7,76,7.7,187,1,5100,107.2,720,1604,6,128,4,0,191.988
Oppo A3x,165.7,76,7.7,187,1,5100,107.2,720,1604,6,64,4,0,107.988
Oppo A3x (China),165.7,76,7.7,186,1,5100,107.2,720,1604,6,128,4,0,150.0
Oppo K12x,165.7,76,7.7,186,1,5100,107.2,720,1604,6,128,6,0,155.988
Oppo A3 (China),162.5,75.4,7.2,178,1,5000,108.0,1080,2412,6,256,8,0,210.0
Oppo A3 Pro,165.8,76.1,7.7,186,1,5100,107.2,720,1604,6,128,6,1,200.0
Oppo Reno12 Pro,161.5,74.8,7.4,180,1,5000,108.0,1080,2412,6,256,12,1,643.5
Oppo Reno12,161.4,74.1,7.6,177,1,5000,108.0,1080,2412,6,256,8,1,505.0
Oppo Reno12 Pro (China),161.4,74.8,7.6,183,1,5000,108.0,1080,2412,6,256,12,1,440.0
Oppo K12x (China),162.9,75.6,8.1,191,1,5500,107.4,1080,2400,6,128,8,0,170.0
Oppo K12,162.5,75.3,8.4,186,1,5500,108.0,1080,2412,6,256,8,1,250.0
Oppo A3 Pro (China),162.7,74.3,7.5,177,0,5000,108.0,1080,2412,6,256,8,0,260.0
Oppo F25 Pro,161.1,74.7,7.5,177,1,5000,108.0,1080,2412,6,128,8,0,270.0
Oppo Reno11 F,161.1,74.7,7.5,177,1,5000,108.0,1080,2412,6,256,8,1,425.0
Oppo Pad Neo,255.1,188,6.9,538,1,8000,396.6,1720,2408,6,128,6,0,240.0
Oppo Reno11 Pro,162.4,74.1,7.6,181,0,4600,108.0,1080,2412,6,256,12,1,347.988
Oppo Reno11,162.4,74.3,7.9,182,0,5000,108.0,1080,2412,6,128,8,1,372.72
Oppo Find X7 Ultra,164.3,76.2,9.5,221,1,5000,113.0,1440,3168,6,256,12,1,770.0
Oppo Find X7,162.7,75.4,8.7,202,1,5000,111.7,1264,2780,6,256,12,1,520.0
Oppo Reno11 Pro (China),163,74.2,8.2,190,0,4700,109.2,1240,2772,6,256,12,1,450.0
Oppo Reno11 (China),162.4,74.1,7.6,184,0,4800,108.0,1080,2412,6,256,8,1,320.0
Oppo Pad Air2,255.1,188,6.9,538,0,8000,396.6,1720,2408,6,128,6,0,170.0
Oppo A2,165.6,76,8,193,0,5000,109.0,1080,2400,6,256,12,0,220.0
Oppo A79,165.6,76,8,193,0,5000,109.0,1080,2400,6,128,4,0,215.988
Oppo A2x,163.8,75.1,8.1,185,0,5000,103.4,720,1612,6,128,6,0,150.0
Oppo A2 Pro,162.7,74.3,8,183,0,5000,108.0,1080,2412,6,256,8,0,240.0
Oppo A38,163.7,75,8.2,190,0,5000,103.4,720,1612,6,128,4,1,265.0
Oppo A58 4G,165.7,76,8,192,0,5000,109.0,1080,2400,6,128,6,1,150.0
Oppo Reno10 Pro,162.3,74.2,7.9,185,0,4600,108.0,1080,2412,6,256,8,1,382.21700000000004
Huawei MatePad 12 X,270,183,5.9,555,0,10100,426.4,2800,1840,6,256,8,0,850.0
Huawei MatePad Air (2024),270,183,5.9,555,0,10100,426.4,2800,1840,6,256,8,0,370.0
Huawei MatePad Pro 12.2 (2024),271.3,182.5,5.5,508,0,10100,440.7,2800,1840,6,256,12,0,570.0
Huawei Pura 70 Ultra,162.6,75.1,8.4,226,0,5200,109.0,1260,2844,6,512,16,1,1292.49
Huawei Pura 70 Pro,162.6,75.1,8.4,220,0,5050,109.0,1260,2844,6,256,12,1,1300.0
Huawei Pura 70,157.6,74.3,8,207,0,4900,105.5,1256,2760,6,256,12,1,779.99
Huawei nova 12i,163.3,74.7,8.4,199,0,5000,108.7,1080,2388,6,128,8,1,284.90000000000003
Huawei nova 12 SE,162.4,75.5,7.4,186,0,4500,107.4,1080,2400,6,256,8,1,526.11
Huawei nova 12s,161.3,75,6.9,168,1,4500,108.3,1084,2412,6,256,8,1,526.9000000000001
Huawei Enjoy 70z,168.3,77.7,9,199,0,6000,110.0,720,1600,6,128,8,0,140.0
Huawei nova Y72,168.3,77.7,8.9,207,1,6000,110.0,720,1600,6,128,8,1,240.0
Huawei nova 12 Ultra,163.1,75,7.7,198,1,4600,108.8,1224,2776,6,512,12,1,600.0
Huawei nova 12 Pro,163.1,75,7.7,201,1,4600,108.8,1224,2776,6,256,12,1,510.0
Huawei nova 12,161.5,75.4,7,191,1,4600,108.3,1084,2412,6,256,8,1,380.0
Huawei nova 12 Lite,161.3,75,6.9,168,1,4500,108.3,1084,2412,6,256,8,1,320.0
Huawei Enjoy 70,168.3,77.7,8.9,207,0,6000,110.0,720,1600,6,128,8,0,160.0
Huawei MatePad Pro 11 (2024),249.2,160.4,5.9,449,0,8300,350.9,2560,1600,6,128,8,0,540.0
Huawei nova 11 SE,162.4,75.5,7.4,186,0,4500,107.4,1080,2400,6,256,8,1,260.0
Huawei MatePad Pro 13.2,289.1,196.1,5.5,580,0,10100,518.8,2880,1920,6,256,12,0,1000.0
Huawei Mate 60 RS Ultimate,163.7,79,8.1,242,0,5000,114.4,1260,2720,6,512,16,1,1550.0
Huawei Mate 60 Pro,163.7,79,8.1,225,0,5000,114.4,1260,2720,6,256,12,1,890.0
Huawei MatePad 11.5,260.9,176.8,6.9,499,0,7700,391.0,1440,2200,6,128,6,0,290.0
Huawei MatePad Air,261.9,178.2,6.4,508,0,8300,391.6,2800,1840,6,128,8,0,500.0
Huawei nova Y91,171.6,79.9,8.9,214,0,7000,117.4,1080,2376,6,128,6,0,280.0
Huawei nova 11i,164.6,75.6,8.6,193,0,5000,112.0,1080,2388,6,128,8,0,385.0
Huawei nova Y71,168.3,77.7,9,199,0,6000,110.0,720,1600,6,128,8,0,190.0
Huawei Enjoy 60X,171.6,79.9,8.9,216,0,7000,117.4,1080,2376,6,128,8,1,230.0
Huawei nova 11 Pro,164.3,74.4,7.9,188,0,4500,111.4,1200,2652,6,256,8,1,820.589
Huawei nova 11,161.3,75,6.9,168,0,4500,110.5,1084,2412,6,128,8,1,310.4
Huawei P60 Pro,161,74.5,8.3,200,0,4815,107.7,1220,2700,6,256,8,1,687.5
Huawei P60,161,74.5,8.3,197,0,4815,107.7,1220,2700,6,128,8,1,600.0
Huawei P60 Art,161,74.5,8.3,206,1,5100,107.7,1220,2700,6,512,12,1,1200.0
Huawei Enjoy 60,168.3,77.7,9,199,0,6000,110.0,720,1600,6,128,8,0,170.0
Huawei MatePad 11 (2023),253.7,165.3,7.2,480,0,7250,348.3,2560,1600,6,128,6,0,300.0
Huawei nova 10 Youth,164.6,75.6,7.9,191,0,4000,111.4,1080,2388,6,128,8,0,230.0
Huawei Enjoy 50z,164.3,75.8,8.9,188,0,5000,102.6,720,1600,6,128,6,0,150.0
Huawei nova Y61,164.3,75.8,8.9,188,1,5000,102.6,720,1600,6,64,4,1,140.0
Huawei nova 10 SE,162.4,75.5,7.4,184,0,4500,107.4,1080,2400,6,128,6,1,579.0
Huawei Mate 50 RS Porsche Design,162.1,75.5,9.9,232,0,4700,111.8,1212,2616,6,512,12,1,1880.0
Huawei Mate 50 Pro,162.1,75.5,8.5,205,0,4700,111.8,1212,2616,6,256,8,1,476.2
Huawei Mate 50E,161.5,76.1,8,201,0,4460,108.9,1224,2700,6,128,8,1,580.0
Huawei Mate 50,161.5,76.1,8,202,0,4460,108.9,1224,2700,6,128,8,1,720.0
Huawei nova 10z,160.7,73.3,8.4,179,0,4000,105.2,1080,2400,6,128,8,0,260.0
Huawei MatePad Pro 11 (2022),249.2,160.4,5.9,449,0,8300,350.9,2560,1600,6,128,8,0,500.0
Huawei nova 10 Pro,164.2,74.5,7.9,191,0,4500,111.4,1200,2652,6,128,8,1,730.0
Huawei nova 10,162.2,73.9,6.9,168,0,4000,107.4,1080,2400,6,128,6,1,500.0
Huawei nova Y90,163.3,74.7,8.4,195,0,5000,108.7,1080,2388,6,128,4,1,199.99
Huawei MatePad 10.4 (2022),245.2,155,7.5,460,0,7250,307.9,1200,2000,6,64,4,0,350.0
Huawei MatePad SE,240.2,159,7.9,450,0,5100,295.8,1200,1920,6,32,3,0,190.0
Huawei nova Y70 Plus,168.3,77.7,9,199,0,6000,110.0,720,1600,6,64,4,0,455.0
Huawei P50E,156.5,73.8,7.9,181,0,4100,102.5,1224,2700,6,128,8,1,580.0
Huawei nova 9 SE,164.6,75.6,7.9,191,0,4000,111.4,1080,2388,6,128,6,1,252.98900000000003
Huawei nova 8 SE 4G,161.5,74.8,7.5,180,0,3800,102.0,1080,2400,6,128,8,0,290.0
Huawei nova Y60,165.2,76,9.2,185,0,5000,105.2,720,1600,6,64,4,0,150.0
Huawei Enjoy 20e,159.1,74.1,9,185,0,5000,95.8,720,1600,6,64,4,0,130.0
Huawei nova 9 Pro,163.4,74.4,8,186,0,4000,110.9,1236,2676,6,128,8,1,460.0
Huawei nova 9,160,73.7,7.8,175,0,4300,106.0,1080,2340,6,128,8,1,1015.0
Huawei nova 8,160.1,74.1,7.6,169,0,3800,106.0,1080,2340,6,128,8,1,420.0
Huawei P50 Pro,158.8,72.8,8.5,195,0,4360,105.4,1228,2700,6,128,8,1,543.4
Huawei nova 8 SE Youth,160.7,73.3,8.4,179,0,4000,105.2,1080,2400,6,128,8,0,250.0
Huawei nova 8i,161.9,74.7,8.6,190,0,4300,108.1,1080,2376,6,128,6,0,200.0
Huawei Mate 40 Pro 4G,162.9,75.5,9.1,212,0,4400,115.7,1344,2772,6,128,8,1,800.0
Huawei Mate 40E 4G,158.6,72.5,8.8,188,0,4200,102.7,1080,2376,6,128,8,1,550.0
Huawei MatePad 12 X,270,183,5.9,555,0,10100,426.4,2800,1840,6,256,8,0,850.0
Huawei MatePad Air (2024),270,183,5.9,555,0,10100,426.4,2800,1840,6,256,8,0,370.0
Huawei MatePad Pro 12.2 (2024),271.3,182.5,5.5,508,0,10100,440.7,2800,1840,6,256,12,0,570.0
Huawei Pura 70 Ultra,162.6,75.1,8.4,226,0,5200,109.0,1260,2844,6,512,16,1,1292.49
Huawei Pura 70 Pro,162.6,75.1,8.4,220,0,5050,109.0,1260,2844,6,256,12,1,1300.0
Huawei Pura 70,157.6,74.3,8,207,0,4900,105.5,1256,2760,6,256,12,1,779.99
Huawei nova 12i,163.3,74.7,8.4,199,0,5000,108.7,1080,2388,6,128,8,1,284.90000000000003
Huawei nova 12 SE,162.4,75.5,7.4,186,0,4500,107.4,1080,2400,6,256,8,1,526.11
Huawei nova 12s,161.3,75,6.9,168,1,4500,108.3,1084,2412,6,256,8,1,526.9000000000001
Huawei Enjoy 70z,168.3,77.7,9,199,0,6000,110.0,720,1600,6,128,8,0,140.0
Huawei nova Y72,168.3,77.7,8.9,207,1,6000,110.0,720,1600,6,128,8,1,240.0
Huawei nova 12 Ultra,163.1,75,7.7,198,1,4600,108.8,1224,2776,6,512,12,1,600.0
Huawei nova 12 Pro,163.1,75,7.7,201,1,4600,108.8,1224,2776,6,256,12,1,510.0
Huawei nova 12,161.5,75.4,7,191,1,4600,108.3,1084,2412,6,256,8,1,380.0
Huawei nova 12 Lite,161.3,75,6.9,168,1,4500,108.3,1084,2412,6,256,8,1,320.0
Huawei Enjoy 70,168.3,77.7,8.9,207,0,6000,110.0,720,1600,6,128,8,0,160.0
Huawei MatePad Pro 11 (2024),249.2,160.4,5.9,449,0,8300,350.9,2560,1600,6,128,8,0,540.0
Huawei nova 11 SE,162.4,75.5,7.4,186,0,4500,107.4,1080,2400,6,256,8,1,260.0
Huawei MatePad Pro 13.2,289.1,196.1,5.5,580,0,10100,518.8,2880,1920,6,256,12,0,1000.0
Huawei Mate 60 RS Ultimate,163.7,79,8.1,242,0,5000,114.4,1260,2720,6,512,16,1,1550.0
Huawei Mate 60 Pro,163.7,79,8.1,225,0,5000,114.4,1260,2720,6,256,12,1,890.0
Huawei MatePad 11.5,260.9,176.8,6.9,499,0,7700,391.0,1440,2200,6,128,6,0,290.0
Huawei MatePad Air,261.9,178.2,6.4,508,0,8300,391.6,2800,1840,6,128,8,0,500.0
Huawei nova Y91,171.6,79.9,8.9,214,0,7000,117.4,1080,2376,6,128,6,0,280.0
Huawei nova 11i,164.6,75.6,8.6,193,0,5000,112.0,1080,2388,6,128,8,0,385.0
Huawei nova Y71,168.3,77.7,9,199,0,6000,110.0,720,1600,6,128,8,0,190.0
Huawei Enjoy 60X,171.6,79.9,8.9,216,0,7000,117.4,1080,2376,6,128,8,1,230.0
Huawei nova 11 Pro,164.3,74.4,7.9,188,0,4500,111.4,1200,2652,6,256,8,1,820.589
Huawei nova 11,161.3,75,6.9,168,0,4500,110.5,1084,2412,6,128,8,1,310.4
Huawei P60 Pro,161,74.5,8.3,200,0,4815,107.7,1220,2700,6,256,8,1,687.5
Realme GT7 Pro,162.5,76.9,8.6,222,1,6500,111.7,1264,2780,6,256,12,1,470.0
Realme P1 Speed,161.7,74.7,7.6,185,1,5000,107.4,1080,2400,6,128,8,0,202.17600000000002
Realme P2 Pro,161.3,73.9,8.2,180,1,5200,108.0,1080,2412,6,128,8,0,307.2
Realme Pad 2 Lite,258,169.5,8.3,525,1,8300,347.7,1200,1920,6,128,4,0,160.0
Realme Narzo 70 Turbo,161.7,74.7,7.6,185,1,5000,107.4,1080,2400,6,128,6,0,203.976
Realme Note 60,167.3,76.7,7.8,187,1,5000,109.7,720,1600,6,64,4,0,80.0
Realme 13,165.6,76.1,7.8,190,1,5000,109.0,1080,2400,6,128,8,0,170.76
Realme C63 5G,165.6,76.1,7.9,192,0,5000,107.2,720,1604,6,128,4,0,129.0
Realme 13 4G,163,75.5,7.9,187,1,5000,107.4,1080,2400,6,128,8,1,170.0
Realme 13 Pro,161.3,73.9,8.2,183,1,5200,108.0,1080,2412,6,128,8,1,300.0
Realme Narzo N61,167.3,76.7,7.8,187,1,5000,109.7,720,1600,6,64,4,0,89.976
Realme C61,167.3,76.7,7.8,188,1,5000,109.7,720,1600,6,128,6,0,248.17
Realme C61 (India),167.3,76.7,7.8,187,1,5000,102.1,720,1600,6,64,4,0,89.148
Realme 12 4G,163,75.5,7.9,187,1,5000,107.4,1080,2400,6,128,8,1,200.0
Realme V60,165.6,76.1,7.9,192,0,5000,107.2,720,1604,6,128,6,0,160.0
Realme GT 6,162,75.1,8.6,199,1,5500,111.7,1264,2780,6,256,8,1,526.9000000000001
Realme Narzo N63,167.3,76.7,7.7,189,1,5000,110.0,720,1600,6,64,4,0,95.988
Realme C63,167.3,76.7,7.7,189,1,5000,110.0,720,1600,6,64,4,1,120.0
Realme Narzo N65,165.6,76.1,7.9,190,1,5000,107.2,720,1604,6,128,4,0,137.976
Realme GT 6T,162,75.1,8.7,191,1,5500,111.7,1264,2780,6,128,8,1,366.132
Realme GT Neo6,162,75.1,8.7,191,1,5500,111.7,1264,2780,6,256,12,1,270.0
Realme C65 5G,165.6,76.1,7.9,190,1,5000,107.2,720,1604,6,64,4,0,131.976
Realme Narzo 70,163,75.5,8,188,1,5000,107.4,1080,2400,6,128,6,0,179.976
Realme Narzo 70x,165.6,76.1,7.7,188,1,5000,109.0,1080,2400,6,128,4,0,161.976
Realme 12 Lite,164.6,75.4,7.6,185,1,5000,109.0,1080,2400,6,128,6,1,300.0
Realme P1 Pro,161.5,74,8.4,217,1,5000,108.0,1080,2412,6,128,8,0,224.22
Realme P1,163,75.5,8,188,1,5000,107.4,1080,2400,6,128,6,0,187.98
Realme GT Neo6 SE,162,75.1,8.7,191,1,5500,111.7,1264,2780,6,256,8,1,250.0
Realme 12x (India),165.6,76.1,7.7,188,1,5000,109.0,1080,2400,6,128,4,0,146.868
Realme C65,164.6,76.1,7.6,185,1,5000,107.2,720,1604,6,128,6,1,149.27
Realme 12x,165.6,76.1,7.9,190,1,5000,107.2,720,1604,6,128,6,1,160.57
Realme Narzo 70 Pro,163,75.5,8,195,1,5000,107.4,1080,2400,6,128,8,0,185.976
Realme C51s,167.2,76.7,7.5,182,1,5000,109.7,720,1600,6,128,6,1,100.0
Realme 12,165.6,76.1,7.7,188,1,5000,109.0,1080,2400,6,128,6,0,170.376
Realme 12 Pro,161.5,74,8.8,190,1,5000,108.0,1080,2412,6,128,8,1,695.0
Realme Note 50,167.2,76.7,8,186,1,5000,109.7,720,1600,6,64,3,0,89.99
Realme C67 4G,164.6,75.4,7.6,185,1,5000,109.0,1080,2400,6,128,6,1,160.0
Realme C67,165.7,76,7.9,190,1,5000,109.0,1080,2400,6,128,4,0,169.99
Realme V50s,165.7,76,7.9,190,1,5000,109.0,1080,2400,6,128,6,0,240.0
Realme GT5 Pro,161.7,75.1,9.2,218,1,5400,111.7,1264,2780,6,256,12,1,430.0
Realme Narzo 60x,165.7,76,7.9,190,1,5000,109.0,1080,2400,6,128,4,0,143.988
Realme GT5 240W,163.1,75.4,8.9,205,1,4600,109.2,1240,2772,6,1,24,1,470.0
Realme GT5,163.1,75.4,8.9,205,1,5240,109.2,1240,2772,6,256,12,1,380.0
Realme 11x,165.7,76,7.9,190,1,5000,109.0,1080,2400,6,128,6,0,175.18800000000002
Realme 11 4G,159.9,73.3,8,178,1,5000,98.9,1080,2400,6,128,8,0,280.0
Realme 11,165.7,76,8.1,190,1,5000,109.0,1080,2400,6,128,8,1,166.46
Realme C51,167.2,76.7,8,186,1,5000,109.7,720,1600,6,64,3,1,115.50000000000001
Realme C53 (India),167.2,76.7,8,186,1,5000,109.7,1080,2400,6,64,6,0,101.988
Realme Pad 2,268.2,168.5,7.2,518,1,8360,376.4,1200,2000,6,128,6,0,220.0
Realme GT3,163.9,75.8,8.9,199,1,4600,109.2,1240,2772,6,128,8,1,600.0
Realme Narzo 60 Pro,161.6,73.9,8.2,185,1,5000,108.0,1080,2412,6,128,8,0,270.0
Realme Narzo 60,159.8,72.9,7.9,182,1,5000,99.8,1080,2400,6,128,8,0,200.0
Realme C53,167.3,76.7,7.5,182,1,5000,109.7,1080,2400,6,128,6,0,133.14
Realme Narzo N53,167.3,76.7,7.5,182,1,5000,109.7,1080,2400,6,64,4,0,94.788
Realme 11 Pro,161.7,73.9,8.2,183,1,5000,108.0,1080,2412,6,128,8,1,242.45000000000002
Realme 11 (China),159.8,72.9,7.9,182,1,5000,99.8,1080,2400,6,128,8,1,260.0
Realme Narzo N55,165.6,75.9,7.9,189,1,5000,109.0,1080,2400,6,64,4,0,113.988
Realme GT Neo5 SE,163.9,75.8,9,193,1,5500,109.2,1240,2772,6,256,8,1,270.0
Realme 10T,164.4,75.1,8.1,187,1,5000,104.9,1080,2408,6,128,4,0,200.0
Realme C55,165.6,75.9,7.9,189,1,5000,109.0,1080,2400,6,64,4,1,275.0
Realme GT Neo 5 240W,163.9,75.8,8.9,199,1,4600,109.2,1240,2772,6,256,16,1,440.0
Realme GT Neo 5,163.9,75.8,8.9,199,1,5000,109.2,1240,2772,6,256,8,1,340.0
Realme 10s,164.4,75.1,8.1,191,1,5000,104.9,1080,2408,6,128,8,0,150.0
Realme V20,164.4,75.1,8.1,184,1,5000,102.0,720,1600,6,64,4,0,160.0
Realme 10 Pro,163.7,74.2,8.1,190,1,5000,109.0,1080,2400,6,128,6,1,161.388
Realme 10 5G,164.4,75.1,8.1,191,1,5000,104.9,1080,2408,6,128,8,0,180.0
Realme 10,159.9,73.3,8,178,1,5000,98.9,1080,2400,6,64,4,1,495.0
Realme C33,164.2,75.7,8.3,187,1,5000,102.0,720,1600,6,32,3,0,90.58800000000001
Realme 9i 5G,164.4,75.1,8.1,187,1,5000,104.9,1080,2408,6,64,4,0,180.0
Realme GT2 Explorer Master,161.3,74.3,8.2,195,1,5000,108.4,1080,2400,6,256,8,1,500.0
Realme Narzo 50i Prime,164.1,75.6,8.5,182,1,5000,102.0,720,1600,6,32,3,0,90.0
Realme C30,164.1,75.6,8.5,182,1,5000,102.0,720,1600,6,32,2,0,87.58800000000001
Realme GT Neo 3T,162.9,75.8,8.7,194,1,5000,105.8,1080,2400,6,128,6,1,780.0
Realme Pad X,256.5,161.1,7.1,499,1,8340,341.3,1200,2000,6,64,4,0,250.0
Realme Narzo 50 Pro,160.2,73.3,8,181,1,5000,98.9,1080,2400,6,128,6,0,155.988
Realme Narzo 50 5G,163.8,75.1,8.1,190,1,5000,104.9,1080,2408,6,64,4,1,560.0
Realme 9 5G,164.3,75.6,8.5,191,1,5000,104.8,1080,2412,6,64,4,0,190.0
Realme V23i,163.8,75.1,8.1,185,1,5000,104.2,720,1612,6,128,4,0,270.0
Realme V23,163.8,75.1,8.1,190,1,5000,104.3,1080,2408,6,256,8,0,240.0
Realme Q5 Pro,162.9,75.8,8.7,194,1,5000,105.8,1080,2400,6,128,6,0,330.0
Realme Q5,164.3,75.6,8.5,195,1,5000,104.8,1080,2412,6,128,6,0,200.0
Realme 9,160.2,73.3,8,178,1,5000,98.9,1080,2400,6,128,6,0,539.0
Realme C31,164.7,76.1,8.4,197,1,5000,102.0,720,1600,6,32,3,0,164.07
Realme GT Neo 3 150W,163.3,75.6,8.2,188,1,4500,108.0,1080,2412,6,256,8,1,520.0
Realme GT7 Pro,162.5,76.9,8.6,222,1,6500,111.7,1264,2780,6,256,12,1,470.0
Realme P1 Speed,161.7,74.7,7.6,185,1,5000,107.4,1080,2400,6,128,8,0,202.17600000000002
Realme P2 Pro,161.3,73.9,8.2,180,1,5200,108.0,1080,2412,6,128,8,0,307.2
Realme Pad 2 Lite,258,169.5,8.3,525,1,8300,347.7,1200,1920,6,128,4,0,160.0
Realme Narzo 70 Turbo,161.7,74.7,7.6,185,1,5000,107.4,1080,2400,6,128,6,0,203.976
Realme Note 60,167.3,76.7,7.8,187,1,5000,109.7,720,1600,6,64,4,0,80.0
Realme 13,165.6,76.1,7.8,190,1,5000,109.0,1080,2400,6,128,8,0,170.76
Realme C63 5G,165.6,76.1,7.9,192,0,5000,107.2,720,1604,6,128,4,0,129.0
Realme 13 4G,163,75.5,7.9,187,1,5000,107.4,1080,2400,6,128,8,1,170.0
Realme 13 Pro,161.3,73.9,8.2,183,1,5200,108.0,1080,2412,6,128,8,1,300.0
Realme Narzo N61,167.3,76.7,7.8,187,1,5000,109.7,720,1600,6,64,4,0,89.976
Realme C61,167.3,76.7,7.8,188,1,5000,109.7,720,1600,6,128,6,0,248.17
Realme C61 (India),167.3,76.7,7.8,187,1,5000,102.1,720,1600,6,64,4,0,89.148
Realme 12 4G,163,75.5,7.9,187,1,5000,107.4,1080,2400,6,128,8,1,200.0
Realme V60,165.6,76.1,7.9,192,0,5000,107.2,720,1604,6,128,6,0,160.0
Realme GT 6,162,75.1,8.6,199,1,5500,111.7,1264,2780,6,256,8,1,526.9000000000001
Realme Narzo N63,167.3,76.7,7.7,189,1,5000,110.0,720,1600,6,64,4,0,95.988
Realme C63,167.3,76.7,7.7,189,1,5000,110.0,720,1600,6,64,4,1,120.0
Realme Narzo N65,165.6,76.1,7.9,190,1,5000,107.2,720,1604,6,128,4,0,137.976
Realme GT 6T,162,75.1,8.7,191,1,5500,111.7,1264,2780,6,128,8,1,366.132
Realme GT Neo6,162,75.1,8.7,191,1,5500,111.7,1264,2780,6,256,12,1,270.0
Realme C65 5G,165.6,76.1,7.9,190,1,5000,107.2,720,1604,6,64,4,0,131.976
Realme Narzo 70,163,75.5,8,188,1,5000,107.4,1080,2400,6,128,6,0,179.976
Realme Narzo 70x,165.6,76.1,7.7,188,1,5000,109.0,1080,2400,6,128,4,0,161.976
Realme 12 Lite,164.6,75.4,7.6,185,1,5000,109.0,1080,2400,6,128,6,1,300.0
Realme P1 Pro,161.5,74,8.4,217,1,5000,108.0,1080,2412,6,128,8,0,224.22
Realme P1,163,75.5,8,188,1,5000,107.4,1080,2400,6,128,6,0,187.98
Realme GT Neo6 SE,162,75.1,8.7,191,1,5500,111.7,1264,2780,6,256,8,1,250.0
Realme 12x (India),165.6,76.1,7.7,188,1,5000,109.0,1080,2400,6,128,4,0,146.868
Realme C65,164.6,76.1,7.6,185,1,5000,107.2,720,1604,6,128,6,1,149.27
Realme 12x,165.6,76.1,7.9,190,1,5000,107.2,720,1604,6,128,6,1,160.57
Realme Narzo 70 Pro,163,75.5,8,195,1,5000,107.4,1080,2400,6,128,8,0,185.976
Realme C51s,167.2,76.7,7.5,182,1,5000,109.7,720,1600,6,128,6,1,100.0
Realme 12,165.6,76.1,7.7,188,1,5000,109.0,1080,2400,6,128,6,0,170.376
Realme 12 Pro,161.5,74,8.8,190,1,5000,108.0,1080,2412,6,128,8,1,695.0
Realme Note 50,167.2,76.7,8,186,1,5000,109.7,720,1600,6,64,3,0,89.99
Realme C67 4G,164.6,75.4,7.6,185,1,5000,109.0,1080,2400,6,128,6,1,160.0
Realme C67,165.7,76,7.9,190,1,5000,109.0,1080,2400,6,128,4,0,169.99
Realme V50s,165.7,76,7.9,190,1,5000,109.0,1080,2400,6,128,6,0,240.0
Realme GT5 Pro,161.7,75.1,9.2,218,1,5400,111.7,1264,2780,6,256,12,1,430.0
Realme Narzo 60x,165.7,76,7.9,190,1,5000,109.0,1080,2400,6,128,4,0,143.988
Realme GT5 240W,163.1,75.4,8.9,205,1,4600,109.2,1240,2772,6,1,24,1,470.0
Realme GT5,163.1,75.4,8.9,205,1,5240,109.2,1240,2772,6,256,12,1,380.0
Realme 11x,165.7,76,7.9,190,1,5000,109.0,1080,2400,6,128,6,0,175.18800000000002
